Date,Type,Count
2024-12-14,Android,306000
2024-12-15,Android,312532
2024-12-16,Android,312532
2024-12-17,Android,382826
2024-12-18,Android,568176
2024-12-19,Android,675050
2024-12-20,Android,764934
2024-12-21,Android,836835
2024-12-22,Android,836835
2024-12-23,Android,888368
2024-12-24,Android,933282
2024-12-25,Android,993301
2024-12-26,Android,1023928
2024-12-27,Android,1060318
2024-12-28,Android,1098366
2024-12-29,Android,1126758
2024-12-30,Android,1156928
2024-12-31,Android,1189292
2025-01-01,Android,1218929
2025-01-02,Android,1248853
2025-01-03,Android,1279288
2025-01-04,Android,1308228
2025-01-05,Android,1336278
2025-01-06,Android,1364262
2025-01-07,Android,1388363
2025-01-08,Android,1410908
2025-01-09,Android,1442917
2025-01-10,Android,1458840
2025-01-11,Android,1458840
2025-01-12,Android,1458840
2025-01-13,Android,1458840
2025-01-14,Android,1586150
2025-01-15,Android,1612662
2025-01-16,Android,1639114
2025-01-17,Android,1666067
2025-01-18,Android,1690413
2025-01-19,Android,1715289
2025-01-20,Android,1738982
2025-01-21,Android,1764158
2025-01-22,Android,1787343
2025-01-23,Android,1810156
2025-01-24,Android,1863614
2025-01-26,Android,1891175
2025-01-27,Android,1918876
2025-01-28,Android,1945676
2025-01-29,Android,1969481
2025-01-30,Android,1989801
2025-01-31,Android,2012288
2025-02-01,Android,2033127
2025-02-03,Android,2077618
2025-02-04,Android,2095357
2025-02-05,Android,2112573
2025-02-06,Android,2127654
2025-02-07,Android,2143193
2025-02-08,Android,2159213
2025-02-09,Android,2173374
2025-02-10,Android,2186532
2025-02-11,Android,2199257
2025-02-12,Android,2213653
2025-02-14,Android,2227842
2025-02-16,Android,2251947
2025-02-17,Android,2265863
2025-02-21,Android,2359088
2025-02-23,Android,2402544
2025-02-24,Android,2441674
2025-02-25,Android,2481199
2025-02-26,Android,2500161
2025-02-27,Android,2516321
2025-02-28,Android,2530342
2025-03-03,Android,2557008
2025-03-04,Android,2564118
2025-03-05,Android,2569251
2025-03-06,Android,2603692
2025-03-07,Android,2616290
2025-03-08,Android,2629625
2025-03-10,Android,2648779
2025-03-11,Android,2652238
2025-03-12,Android,2655655
2025-03-13,Android,2655655
2025-03-14,Android,2662677
2025-03-15,Android,2665378
2025-03-16,Android,2668043
2025-03-17,Android,2671363
2025-03-18,Android,2673316
2025-03-19,Android,2675550
2025-03-20,Android,2677313
2025-03-21,Android,2679360
2025-03-22,Android,2681570
2025-03-23,Android,2683739
2025-03-24,Android,2687650
2025-03-25,Android,2689699
2025-03-26,Android,2692440
2025-03-27,Android,2694273
2025-03-28,Android,2696102
2025-03-29,Android,2698108
2025-03-30,Android,2698869
2025-03-31,Android,2700432
2025-04-01,Android,2702862
2025-04-02,Android,2704670
2025-04-03,Android,2706815
2025-04-04,Android,2707305
2025-04-05,Android,2709961
2025-04-06,Android,2711567
2025-04-07,Android,2713677
2025-04-08,Android,2715562
2025-04-09,Android,2717256
2025-04-10,Android,2718973
2025-04-11,Android,2721617
2025-04-12,Android,2723888
2025-04-13,Android,2726614
2025-04-14,Android,2728477
2025-04-15,Android,2730320
2025-04-16,Android,2732247
2025-04-17,Android,2734198
2025-04-18,Android,2736187
2025-04-19,Android,2738186
2025-04-20,Android,2740111
2025-04-21,Android,2742363
2025-04-22,Android,2744557
2025-04-23,Android,2746847
2025-04-24,Android,2748678
2025-04-25,Android,2750670
2025-04-26,Android,2753465
2025-04-27,Android,2756186
2025-04-28,Android,2760395
2025-04-29,Android,2766735
2025-04-30,Android,2770883
2025-05-01,Android,2775260
2025-05-02,Android,2784079
2025-05-03,Android,2793034
2025-05-04,Android,2801966
2025-05-05,Android,2808154
2025-05-06,Android,2814994
2025-05-07,Android,2821144
2025-05-08,Android,2830224
2025-05-09,Android,2836119
2025-05-10,Android,2842799
2025-05-11,Android,2847457
2025-05-12,Android,2850534
2025-05-13,Android,2853718
2025-05-14,Android,2856977
2025-05-15,Android,2860869
2025-05-16,Android,2863771
2025-05-17,Android,2866665
2025-05-18,Android,2870354
2025-05-19,Android,2873113
2025-05-20,Android,2876115
2025-05-21,Android,2879096
2025-05-22,Android,2881764
2025-05-23,Android,2884206
2025-05-24,Android,2887046
2025-05-25,Android,2889770
2025-05-26,Android,2891617
2025-05-27,Android,2894373
2025-05-28,Android,2897910
2025-05-29,Android,2900813
2025-05-30,Android,2903773
2025-05-31,Android,2906460
2025-06-01,Android,2910817
2025-06-02,Android,2913343
2025-06-03,Android,2916330
2025-06-04,Android,2918387
2025-06-05,Android,2922253
2025-06-06,Android,2934157
2025-06-07,Android,2947821
2025-06-08,Android,2984974
2025-06-09,Android,3001508
2025-06-10,Android,3025737
2025-06-11,Android,3049689
2025-06-12,Android,3070743
2025-06-13,Android,3086445
2025-06-14,Android,3096882
2025-06-15,Android,3105780
2025-06-16,Android,3112876
2025-06-17,Android,3122876
2025-06-18,Android,3131751
2025-06-19,Android,3141758
2025-06-20,Android,3157211
2025-06-21,Android,3173685
2025-06-22,Android,3208374
2025-06-23,Android,3230145
2025-06-24,Android,3243007
2025-06-26,Android,3263117
2025-06-27,Android,3270687
2025-06-28,Android,3276002
2025-06-29,Android,3281034
2025-06-30,Android,3286960
2025-07-01,Android,3298470
2025-07-02,Android,3304041
2025-07-03,Android,3308379
2025-07-04,Android,3312758
2025-07-05,Android,3315635
2025-07-06,Android,3318468
2025-07-07,Android,3323883
2025-07-08,Android,3326774
2025-07-09,Android,3329669
2025-07-10,Android,3334363
2025-07-11,Android,3339022
2025-07-12,Android,3343175
2025-07-13,Android,3346235
2025-07-14,Android,3349209
2025-07-15,Android,3352291
2025-07-16,Android,3355291
2025-07-17,Android,3359473
2025-07-18,Android,3362505
2025-07-19,Android,3366139
2025-07-20,Android,3369792
2025-07-21,Android,3372738
2025-07-22,Android,3376220
2025-07-23,Android,3379885
2025-07-24,Android,3382637
2025-07-25,Android,3385331
2025-07-26,Android,3390124
2025-07-27,Android,3403748
2025-07-28,Android,3408350
2025-07-29,Android,3412044
2025-07-30,Android,3415475
2025-07-31,Android,3421020
2025-08-01,Android,3424840
2025-08-02,Android,3427898
2025-08-03,Android,3431033
2025-08-04,Android,3434957
2025-08-05,Android,3440106
2025-08-06,Android,3445343
2025-08-07,Android,3449273
2025-08-08,Android,3454111
2025-08-09,Android,3458912
2025-08-10,Android,3464542
2025-08-11,Android,3471520
2025-08-12,Android,3475368
2025-08-13,Android,3484063
2025-08-14,Android,3486926
2025-08-15,Android,3490210
2025-08-16,Android,3492825
2025-08-17,Android,3495947
2025-08-18,Android,3499292
2025-08-19,Android,3502384
2025-08-20,Android,3505410
2025-08-21,Android,3511286
2025-08-22,Android,3514890
2025-08-23,Android,3518953
2025-08-24,Android,3522802
2025-08-25,Android,3526080
2025-08-26,Android,3529761
2025-08-27,Android,3533221
2025-08-28,Android,3537866
2025-08-29,Android,3543644
2025-08-30,Android,3549418
2025-08-31,Android,3552870
2025-09-01,Android,3557363
2025-09-02,Android,3561850
2025-09-03,Android,3567614
2025-09-04,Android,3574494
2025-09-05,Android,3583122
2025-09-06,Android,3590747
2025-09-07,Android,3596128
2025-09-08,Android,3603046
2025-09-09,Android,3610840
2025-09-10,Android,3626924
2025-09-11,Android,3640494
2025-09-12,Android,3664137
2025-09-13,Android,3681144
2025-09-14,Android,3730022
2025-09-15,Android,3747932
2025-09-16,Android,3764864
2025-09-17,Android,3781052
2025-09-18,Android,3797837
2025-09-19,Android,3818048
2025-09-20,Android,3837761
2025-09-21,Android,3865773
2025-09-22,Android,3880450
2025-09-23,Android,3892655
2025-09-24,Android,3905642
2025-09-25,Android,3922768
2025-09-26,Android,3941934
2025-09-27,Android,3956720
2025-09-28,Android,3979837
2025-09-29,Android,3988944
2025-09-30,Android,3997964
2025-10-01,Android,4003806
2025-10-02,Android,4008991
2025-10-03,Android,4015826
2025-10-04,Android,4023708
2025-10-05,Android,4029456
2025-10-06,Android,4036016
2025-10-07,Android,4043838
2025-10-08,Android,4051147
2025-10-09,Android,4058491
2025-10-10,Android,4065584
2025-10-11,Android,4073406
2025-10-12,Android,4080092
2025-10-13,Android,4086442
2025-10-14,Android,4092921
2025-10-15,Android,4099671
2025-10-16,Android,4105642
2025-10-17,Android,4114504
2025-10-18,Android,4126613
2025-10-19,Android,4132935
2025-10-20,Android,4140342
2025-10-21,Android,4174151
2025-10-22,Android,4257088
2025-10-23,Android,4375816
2025-10-24,Android,4527466
2025-10-25,Android,4645586
2025-10-26,Android,4797877
2025-10-27,Android,4878477
2025-10-28,Android,4893231
2025-10-29,Android,4912915
2025-10-30,Android,4932534
2025-10-31,Android,4950563
2025-11-01,Android,4956970
2025-11-02,Android,5025004
2025-11-03,Android,5088319
2025-11-04,Android,5151701
2025-11-05,Android,5216695
2025-11-06,Android,5286177
2025-11-07,Android,5364415
2025-11-08,Android,5434396
2025-11-09,Android,5506679
2025-11-10,Android,5585811
2025-11-11,Android,5654999
2025-11-12,Android,5730608
2025-11-13,Android,5806201
2025-11-14,Android,5881521
2025-11-15,Android,5959025
2025-11-16,Android,6027098
2025-11-17,Android,6095633
2025-11-18,Android,6155877
2025-11-19,Android,6223563
2025-11-20,Android,6291049
2025-11-21,Android,6362879
2025-11-22,Android,6436210
2025-11-23,Android,6507756
2025-11-24,Android,6570463
2025-11-25,Android,6576525
2025-11-26,Android,6639427
2025-11-27,Android,6702626
2025-11-28,Android,6781408
2025-11-29,Android,6847201
2025-11-30,Android,6899119
2025-12-01,Android,6992427
2025-12-02,Android,7079006
2025-12-03,Android,7165569
2025-12-04,Android,7186847
2025-12-05,Android,7207739
2025-12-06,Android,7220966
2025-12-07,Android,7239143
2025-12-08,Android,7242375
2025-12-09,Android,7272657
2025-12-10,Android,7330207
2025-12-11,Android,7337555
2025-12-12,Android,7345128
2025-12-13,Android,7355202
2025-12-14,Android,7363847
2025-12-15,Android,7368442
2025-12-16,Android,7447118
2025-12-17,Android,7453500
2025-12-18,Android,7459801
2025-12-19,Android,7464899
2025-12-20,Android,7470710
2025-12-21,Android,7474780
2025-12-22,Android,7478505
2025-12-23,Android,7483406
2025-12-24,Android,7493764
2025-12-25,Android,7506488
2025-12-26,Android,7518266
2025-12-27,Android,7535338
2025-12-28,Android,7554371
2025-12-29,Android,7588524
2025-12-30,Android,7734733
2025-12-31,Android,7765281
2026-01-01,Android,7781908
2026-01-02,Android,7810310
2026-01-03,Android,7840214
2026-01-04,Android,7877740
2024-12-14,iOS,0
2024-12-15,iOS,0
2024-12-16,iOS,0
2024-12-17,iOS,0
2024-12-18,iOS,0
2024-12-19,iOS,29700
2024-12-20,iOS,29700
2024-12-21,iOS,30400
2024-12-22,iOS,30400
2024-12-23,iOS,31005
2024-12-24,iOS,31200
2024-12-25,iOS,31200
2024-12-26,iOS,31800
2024-12-27,iOS,31800
2024-12-28,iOS,33200
2024-12-29,iOS,34400
2024-12-30,iOS,35600
2024-12-31,iOS,36500
2025-01-01,iOS,37002
2025-01-02,iOS,37500
2025-01-03,iOS,37800
2025-01-04,iOS,38300
2025-01-05,iOS,38600
2025-01-06,iOS,38803
2025-01-07,iOS,39105
2025-01-08,iOS,39379
2025-01-09,iOS,39602
2025-01-10,iOS,39808
2025-01-11,iOS,40011
2025-01-12,iOS,40011
2025-01-13,iOS,40400
2025-01-14,iOS,40800
2025-01-15,iOS,41021
2025-01-16,iOS,41200
2025-01-17,iOS,41402
2025-01-18,iOS,41503
2025-01-19,iOS,41715
2025-01-20,iOS,41811
2025-01-21,iOS,42005
2025-01-22,iOS,42100
2025-01-23,iOS,42203
2025-01-24,iOS,42504
2025-01-26,iOS,42600
2025-01-27,iOS,42703
2025-01-28,iOS,43000
2025-01-29,iOS,43103
2025-01-30,iOS,43207
2025-01-31,iOS,43301
2025-02-01,iOS,43382
2025-02-03,iOS,43690
2025-02-04,iOS,43735
2025-02-05,iOS,43912
2025-02-06,iOS,44003
2025-02-07,iOS,44098
2025-02-08,iOS,44201
2025-02-09,iOS,44276
2025-02-10,iOS,44342
2025-02-11,iOS,44415
2025-02-12,iOS,44502
2025-02-14,iOS,44579
2025-02-16,iOS,44641
2025-02-17,iOS,44696
2025-02-21,iOS,46700
2025-02-23,iOS,46912
2025-02-24,iOS,47000
2025-02-25,iOS,47100
2025-02-26,iOS,47141
2025-02-27,iOS,47200
2025-02-28,iOS,47252
2025-03-03,iOS,47500
2025-03-04,iOS,47572
2025-03-05,iOS,47700
2025-03-06,iOS,47773
2025-03-07,iOS,47970
2025-03-08,iOS,49487
2025-03-10,iOS,51207
2025-03-11,iOS,51980
2025-03-12,iOS,51980
2025-03-13,iOS,51980
2025-03-14,iOS,53207
2025-03-15,iOS,53600
2025-03-16,iOS,53833
2025-03-17,iOS,54205
2025-03-18,iOS,54530
2025-03-19,iOS,54695
2025-03-20,iOS,54854
2025-03-21,iOS,54981
2025-03-22,iOS,55115
2025-03-23,iOS,55228
2025-03-24,iOS,55349
2025-03-25,iOS,55349
2025-03-26,iOS,55349
2025-03-27,iOS,55958
2025-03-28,iOS,56085
2025-03-29,iOS,56085
2025-03-30,iOS,56085
2025-03-31,iOS,56432
2025-04-01,iOS,56517
2025-04-02,iOS,56614
2025-04-03,iOS,56706
2025-04-04,iOS,56809
2025-04-05,iOS,56897
2025-04-06,iOS,56973
2025-04-07,iOS,57100
2025-04-08,iOS,57336
2025-04-09,iOS,57522
2025-04-10,iOS,57653
2025-04-11,iOS,57735
2025-04-12,iOS,57943
2025-04-13,iOS,58119
2025-04-14,iOS,58340
2025-04-15,iOS,58471
2025-04-16,iOS,58608
2025-04-17,iOS,58718
2025-04-18,iOS,58893
2025-04-19,iOS,59052
2025-04-20,iOS,59306
2025-04-21,iOS,59431
2025-04-22,iOS,59620
2025-04-23,iOS,59975
2025-04-24,iOS,60260
2025-04-25,iOS,60493
2025-04-26,iOS,60669
2025-04-27,iOS,60914
2025-04-28,iOS,61127
2025-04-29,iOS,61311
2025-04-30,iOS,61500
2025-05-01,iOS,61681
2025-05-02,iOS,61892
2025-05-03,iOS,62319
2025-05-04,iOS,62749
2025-05-05,iOS,63345
2025-05-06,iOS,63750
2025-05-07,iOS,64065
2025-05-08,iOS,64318
2025-05-09,iOS,64574
2025-05-10,iOS,64797
2025-05-11,iOS,65033
2025-05-12,iOS,65192
2025-05-13,iOS,65326
2025-05-14,iOS,65422
2025-05-15,iOS,65549
2025-05-16,iOS,65661
2025-05-17,iOS,65773
2025-05-18,iOS,65875
2025-05-19,iOS,65987
2025-05-20,iOS,66080
2025-05-21,iOS,66173
2025-05-22,iOS,66279
2025-05-23,iOS,66358
2025-05-24,iOS,66446
2025-05-25,iOS,66531
2025-05-26,iOS,66636
2025-05-27,iOS,66709
2025-05-28,iOS,66807
2025-05-29,iOS,66919
2025-05-30,iOS,67021
2025-05-31,iOS,67139
2025-06-01,iOS,67244
2025-06-02,iOS,67362
2025-06-03,iOS,67491
2025-06-04,iOS,67609
2025-06-05,iOS,67684
2025-06-06,iOS,67858
2025-06-07,iOS,68821
2025-06-08,iOS,69971
2025-06-09,iOS,71682
2025-06-10,iOS,72525
2025-06-11,iOS,73527
2025-06-12,iOS,74633
2025-06-13,iOS,75495
2025-06-14,iOS,76275
2025-06-15,iOS,76748
2025-06-16,iOS,77292
2025-06-17,iOS,77685
2025-06-18,iOS,78267
2025-06-19,iOS,78799
2025-06-20,iOS,79526
2025-06-21,iOS,80668
2025-06-22,iOS,81685
2025-06-23,iOS,83710
2025-06-24,iOS,84978
2025-06-26,iOS,86062
2025-06-27,iOS,86657
2025-06-28,iOS,87137
2025-06-29,iOS,87464
2025-06-30,iOS,87800
2025-07-01,iOS,88241
2025-07-02,iOS,88865
2025-07-03,iOS,89171
2025-07-04,iOS,89411
2025-07-05,iOS,89685
2025-07-06,iOS,89874
2025-07-07,iOS,90053
2025-07-08,iOS,90203
2025-07-09,iOS,90386
2025-07-10,iOS,90563
2025-07-11,iOS,91002
2025-07-12,iOS,91319
2025-07-13,iOS,91514
2025-07-14,iOS,91679
2025-07-15,iOS,91892
2025-07-16,iOS,92031
2025-07-17,iOS,92196
2025-07-18,iOS,92387
2025-07-19,iOS,92552
2025-07-20,iOS,92741
2025-07-21,iOS,92909
2025-07-22,iOS,93088
2025-07-23,iOS,93266
2025-07-24,iOS,93478
2025-07-25,iOS,93627
2025-07-26,iOS,93748
2025-07-27,iOS,93935
2025-07-28,iOS,94433
2025-07-29,iOS,94636
2025-07-30,iOS,94800
2025-07-31,iOS,94955
2025-08-01,iOS,95200
2025-08-02,iOS,95413
2025-08-03,iOS,95547
2025-08-04,iOS,95676
2025-08-05,iOS,95983
2025-08-06,iOS,96288
2025-08-07,iOS,96692
2025-08-08,iOS,96959
2025-08-09,iOS,97350
2025-08-10,iOS,97781
2025-08-11,iOS,98121
2025-08-12,iOS,98477
2025-08-13,iOS,99005
2025-08-14,iOS,99170
2025-08-15,iOS,99329
2025-08-16,iOS,99530
2025-08-17,iOS,99722
2025-08-18,iOS,99904
2025-08-19,iOS,100097
2025-08-20,iOS,100285
2025-08-21,iOS,100454
2025-08-22,iOS,100814
2025-08-23,iOS,100990
2025-08-24,iOS,101204
2025-08-25,iOS,101398
2025-08-26,iOS,101599
2025-08-27,iOS,101803
2025-08-28,iOS,101991
2025-08-29,iOS,102205
2025-08-30,iOS,102506
2025-08-31,iOS,102816
2025-09-01,iOS,103030
2025-09-02,iOS,103217
2025-09-03,iOS,103426
2025-09-04,iOS,103588
2025-09-05,iOS,103786
2025-09-06,iOS,103978
2025-09-07,iOS,104170
2025-09-08,iOS,104348
2025-09-09,iOS,104517
2025-09-10,iOS,104694
2025-09-11,iOS,105123
2025-09-12,iOS,105578
2025-09-13,iOS,106106
2025-09-14,iOS,106544
2025-09-15,iOS,107885
2025-09-16,iOS,108242
2025-09-17,iOS,108529
2025-09-18,iOS,108832
2025-09-19,iOS,109170
2025-09-20,iOS,109575
2025-09-21,iOS,109896
2025-09-22,iOS,110405
2025-09-23,iOS,110602
2025-09-24,iOS,110774
2025-09-25,iOS,111036
2025-09-26,iOS,111463
2025-09-27,iOS,112108
2025-09-28,iOS,112625
2025-09-29,iOS,113547
2025-09-30,iOS,113726
2025-10-01,iOS,113914
2025-10-02,iOS,114142
2025-10-03,iOS,114414
2025-10-04,iOS,114682
2025-10-05,iOS,114908
2025-10-06,iOS,115103
2025-10-07,iOS,115263
2025-10-08,iOS,115533
2025-10-09,iOS,116040
2025-10-10,iOS,116361
2025-10-11,iOS,116686
2025-10-12,iOS,117118
2025-10-13,iOS,117508
2025-10-14,iOS,117834
2025-10-15,iOS,118129
2025-10-16,iOS,118403
2025-10-17,iOS,118654
2025-10-18,iOS,118847
2025-10-19,iOS,119017
2025-10-20,iOS,119209
2025-10-21,iOS,119335
2025-10-22,iOS,119510
2025-10-23,iOS,119730
2025-10-24,iOS,119913
2025-10-25,iOS,120149
2025-10-26,iOS,120463
2025-10-27,iOS,120690
2025-10-28,iOS,120884
2025-10-29,iOS,121067
2025-10-30,iOS,121264
2025-10-31,iOS,121504
2025-11-01,iOS,121669
2025-11-02,iOS,121951
2025-11-03,iOS,122145
2025-11-04,iOS,122293
2025-11-05,iOS,122423
2025-11-06,iOS,122523
2025-11-07,iOS,122664
2025-11-08,iOS,122796
2025-11-09,iOS,122995
2025-11-10,iOS,123221
2025-11-11,iOS,123485
2025-11-12,iOS,123724
2025-11-13,iOS,123951
2025-11-14,iOS,124192
2025-11-15,iOS,124429
2025-11-16,iOS,124667
2025-11-17,iOS,124986
2025-11-18,iOS,125259
2025-11-19,iOS,125539
2025-11-20,iOS,125812
2025-11-21,iOS,126064
2025-11-22,iOS,126259
2025-11-23,iOS,126573
2025-11-24,iOS,126827
2025-11-25,iOS,127058
2025-11-26,iOS,127275
2025-11-27,iOS,127505
2025-11-28,iOS,128070
2025-11-29,iOS,128929
2025-11-30,iOS,129326
2025-12-01,iOS,129619
2025-12-02,iOS,130008
2025-12-03,iOS,130283
2025-12-04,iOS,130534
2025-12-05,iOS,130737
2025-12-06,iOS,131086
2025-12-07,iOS,131318
2025-12-08,iOS,131480
2025-12-09,iOS,131641
2025-12-10,iOS,131921
2025-12-11,iOS,132243
2025-12-12,iOS,132417
2025-12-13,iOS,132619
2025-12-14,iOS,133135
2025-12-15,iOS,133391
2025-12-16,iOS,133562
2025-12-17,iOS,133713
2025-12-18,iOS,133869
2025-12-19,iOS,134070
2025-12-20,iOS,134233
2025-12-21,iOS,134397
2025-12-22,iOS,134591
2025-12-23,iOS,134724
2025-12-24,iOS,134922
2025-12-25,iOS,135197
2025-12-26,iOS,135850
2025-12-27,iOS,136179
2025-12-28,iOS,136468
2025-12-29,iOS,136720
2025-12-30,iOS,136931
2025-12-31,iOS,138310
2026-01-01,iOS,140034
2026-01-02,iOS,140507
2026-01-03,iOS,140764
2026-01-04,iOS,141048
2024-12-14,Android TV,18944
2024-12-15,Android TV,18944
2024-12-16,Android TV,18944
2024-12-17,Android TV,25692
2024-12-18,Android TV,29219
2024-12-19,Android TV,29768
2024-12-20,Android TV,30182
2024-12-21,Android TV,30580
2024-12-22,Android TV,30580
2024-12-23,Android TV,31354
2024-12-24,Android TV,31700
2024-12-25,Android TV,32121
2024-12-26,Android TV,32478
2024-12-27,Android TV,32821
2024-12-28,Android TV,33297
2024-12-29,Android TV,33805
2024-12-30,Android TV,34375
2024-12-31,Android TV,34974
2025-01-01,Android TV,35521
2025-01-02,Android TV,35912
2025-01-03,Android TV,36236
2025-01-04,Android TV,36502
2025-01-05,Android TV,36792
2025-01-06,Android TV,37114
2025-01-07,Android TV,37923
2025-01-08,Android TV,38549
2025-01-09,Android TV,38709
2025-01-10,Android TV,38837
2025-01-11,Android TV,38837
2025-01-12,Android TV,38837
2025-01-13,Android TV,38837
2025-01-14,Android TV,40102
2025-01-15,Android TV,40327
2025-01-16,Android TV,40492
2025-01-17,Android TV,40645
2025-01-18,Android TV,40795
2025-01-19,Android TV,40954
2025-01-20,Android TV,41119
2025-01-21,Android TV,41265
2025-01-22,Android TV,41382
2025-01-23,Android TV,41546
2025-01-24,Android TV,41774
2025-01-26,Android TV,42180
2025-01-27,Android TV,42532
2025-01-28,Android TV,42676
2025-01-29,Android TV,42828
2025-01-30,Android TV,42934
2025-01-31,Android TV,43041
2025-02-01,Android TV,43162
2025-02-03,Android TV,43526
2025-02-04,Android TV,43612
2025-02-05,Android TV,43832
2025-02-06,Android TV,43899
2025-02-07,Android TV,43972
2025-02-08,Android TV,44082
2025-02-09,Android TV,44173
2025-02-10,Android TV,44258
2025-02-11,Android TV,44365
2025-02-12,Android TV,44484
2025-02-14,Android TV,44608
2025-02-16,Android TV,44726
2025-02-17,Android TV,44795
2025-02-21,Android TV,46494
2025-02-23,Android TV,47125
2025-02-24,Android TV,47323
2025-02-25,Android TV,47585
2025-02-26,Android TV,47821
2025-02-27,Android TV,47972
2025-02-28,Android TV,48111
2025-03-03,Android TV,48562
2025-03-04,Android TV,48618
2025-03-05,Android TV,48652
2025-03-06,Android TV,48671
2025-03-07,Android TV,49546
2025-03-08,Android TV,51323
2025-03-10,Android TV,53570
2025-03-11,Android TV,54072
2025-03-12,Android TV,54447
2025-03-13,Android TV,54447
2025-03-14,Android TV,55236
2025-03-15,Android TV,55639
2025-03-16,Android TV,55891
2025-03-17,Android TV,56393
2025-03-18,Android TV,56644
2025-03-19,Android TV,56875
2025-03-20,Android TV,57055
2025-03-21,Android TV,57225
2025-03-22,Android TV,57437
2025-03-23,Android TV,57639
2025-03-24,Android TV,57968
2025-03-25,Android TV,58134
2025-03-26,Android TV,58296
2025-03-27,Android TV,58472
2025-03-28,Android TV,58624
2025-03-29,Android TV,58763
2025-03-30,Android TV,58807
2025-03-31,Android TV,59007
2025-04-01,Android TV,59243
2025-04-02,Android TV,59400
2025-04-03,Android TV,59618
2025-04-04,Android TV,59796
2025-04-05,Android TV,59919
2025-04-06,Android TV,60068
2025-04-07,Android TV,60317
2025-04-08,Android TV,60479
2025-04-09,Android TV,60607
2025-04-10,Android TV,60746
2025-04-11,Android TV,60963
2025-04-12,Android TV,61121
2025-04-13,Android TV,61334
2025-04-14,Android TV,61526
2025-04-15,Android TV,61725
2025-04-16,Android TV,61900
2025-04-17,Android TV,62081
2025-04-18,Android TV,62241
2025-04-19,Android TV,62409
2025-04-20,Android TV,62619
2025-04-21,Android TV,62813
2025-04-22,Android TV,62990
2025-04-23,Android TV,63169
2025-04-24,Android TV,63345
2025-04-25,Android TV,63502
2025-04-26,Android TV,63697
2025-04-27,Android TV,63934
2025-04-28,Android TV,64152
2025-04-29,Android TV,64341
2025-04-30,Android TV,64532
2025-05-01,Android TV,64746
2025-05-02,Android TV,65116
2025-05-03,Android TV,65416
2025-05-04,Android TV,65811
2025-05-05,Android TV,66226
2025-05-06,Android TV,66485
2025-05-07,Android TV,66695
2025-05-08,Android TV,66960
2025-05-09,Android TV,67191
2025-05-10,Android TV,67502
2025-05-11,Android TV,67784
2025-05-12,Android TV,68081
2025-05-13,Android TV,68342
2025-05-14,Android TV,68544
2025-05-15,Android TV,68716
2025-05-16,Android TV,68904
2025-05-17,Android TV,69095
2025-05-18,Android TV,69329
2025-05-19,Android TV,69542
2025-05-20,Android TV,69672
2025-05-21,Android TV,69830
2025-05-22,Android TV,69995
2025-05-23,Android TV,70125
2025-05-24,Android TV,70269
2025-05-25,Android TV,70438
2025-05-26,Android TV,70615
2025-05-27,Android TV,70802
2025-05-28,Android TV,70997
2025-05-29,Android TV,71173
2025-05-30,Android TV,71353
2025-05-31,Android TV,71479
2025-06-01,Android TV,71630
2025-06-02,Android TV,71844
2025-06-03,Android TV,72050
2025-06-04,Android TV,72186
2025-06-05,Android TV,72438
2025-06-06,Android TV,73296
2025-06-07,Android TV,74652
2025-06-08,Android TV,76511
2025-06-09,Android TV,77696
2025-06-10,Android TV,78802
2025-06-11,Android TV,80237
2025-06-12,Android TV,81634
2025-06-13,Android TV,82892
2025-06-14,Android TV,83692
2025-06-15,Android TV,84602
2025-06-16,Android TV,85572
2025-06-17,Android TV,86325
2025-06-18,Android TV,87057
2025-06-19,Android TV,87906
2025-06-20,Android TV,88790
2025-06-21,Android TV,89788
2025-06-22,Android TV,91886
2025-06-23,Android TV,94001
2025-06-24,Android TV,95032
2025-06-26,Android TV,96439
2025-06-27,Android TV,96978
2025-06-28,Android TV,97918
2025-06-29,Android TV,98226
2025-06-30,Android TV,98973
2025-07-01,Android TV,99982
2025-07-02,Android TV,100518
2025-07-03,Android TV,100968
2025-07-04,Android TV,101374
2025-07-05,Android TV,101854
2025-07-06,Android TV,102296
2025-07-07,Android TV,102818
2025-07-08,Android TV,103160
2025-07-09,Android TV,103490
2025-07-10,Android TV,103620
2025-07-11,Android TV,104005
2025-07-12,Android TV,104387
2025-07-13,Android TV,104771
2025-07-14,Android TV,105203
2025-07-15,Android TV,105530
2025-07-16,Android TV,105877
2025-07-17,Android TV,106293
2025-07-18,Android TV,106695
2025-07-19,Android TV,107221
2025-07-20,Android TV,107823
2025-07-21,Android TV,108369
2025-07-22,Android TV,108756
2025-07-23,Android TV,109217
2025-07-24,Android TV,109605
2025-07-25,Android TV,109973
2025-07-26,Android TV,110345
2025-07-27,Android TV,111137
2025-07-28,Android TV,111800
2025-07-29,Android TV,112220
2025-07-30,Android TV,112689
2025-07-31,Android TV,113187
2025-08-01,Android TV,113598
2025-08-02,Android TV,113959
2025-08-03,Android TV,114300
2025-08-04,Android TV,114720
2025-08-05,Android TV,115078
2025-08-06,Android TV,115513
2025-08-07,Android TV,115912
2025-08-08,Android TV,116207
2025-08-09,Android TV,116516
2025-08-10,Android TV,117029
2025-08-11,Android TV,117693
2025-08-12,Android TV,118051
2025-08-13,Android TV,119000
2025-08-14,Android TV,119341
2025-08-15,Android TV,119749
2025-08-16,Android TV,120147
2025-08-17,Android TV,120527
2025-08-18,Android TV,120885
2025-08-19,Android TV,121208
2025-08-20,Android TV,121538
2025-08-21,Android TV,121791
2025-08-22,Android TV,122077
2025-08-23,Android TV,122483
2025-08-24,Android TV,122933
2025-08-25,Android TV,123295
2025-08-26,Android TV,123591
2025-08-27,Android TV,123884
2025-08-28,Android TV,124150
2025-08-29,Android TV,124454
2025-08-30,Android TV,124797
2025-08-31,Android TV,125092
2025-09-01,Android TV,125391
2025-09-02,Android TV,125745
2025-09-03,Android TV,126194
2025-09-04,Android TV,126501
2025-09-05,Android TV,126777
2025-09-06,Android TV,127091
2025-09-07,Android TV,127456
2025-09-08,Android TV,127742
2025-09-09,Android TV,128155
2025-09-10,Android TV,128711
2025-09-11,Android TV,129252
2025-09-12,Android TV,129868
2025-09-13,Android TV,130354
2025-09-14,Android TV,131909
2025-09-15,Android TV,132297
2025-09-16,Android TV,132725
2025-09-17,Android TV,133092
2025-09-18,Android TV,133471
2025-09-19,Android TV,133853
2025-09-20,Android TV,134141
2025-09-21,Android TV,134784
2025-09-22,Android TV,135130
2025-09-23,Android TV,135405
2025-09-24,Android TV,135737
2025-09-25,Android TV,136012
2025-09-26,Android TV,136391
2025-09-27,Android TV,136831
2025-09-28,Android TV,137724
2025-09-29,Android TV,138031
2025-09-30,Android TV,138397
2025-10-01,Android TV,138733
2025-10-02,Android TV,139063
2025-10-03,Android TV,139323
2025-10-04,Android TV,139636
2025-10-05,Android TV,139954
2025-10-06,Android TV,140243
2025-10-07,Android TV,140501
2025-10-08,Android TV,140773
2025-10-09,Android TV,141046
2025-10-10,Android TV,141329
2025-10-11,Android TV,141629
2025-10-12,Android TV,142067
2025-10-13,Android TV,142384
2025-10-14,Android TV,142725
2025-10-15,Android TV,143056
2025-10-16,Android TV,143341
2025-10-17,Android TV,143706
2025-10-18,Android TV,144056
2025-10-19,Android TV,144360
2025-10-20,Android TV,144741
2025-10-21,Android TV,145065
2025-10-22,Android TV,145404
2025-10-23,Android TV,145741
2025-10-24,Android TV,146054
2025-10-25,Android TV,146495
2025-10-26,Android TV,146940
2025-10-27,Android TV,147343
2025-10-28,Android TV,147719
2025-10-29,Android TV,148118
2025-10-30,Android TV,148503
2025-10-31,Android TV,148863
2025-11-01,Android TV,149280
2025-11-02,Android TV,149772
2025-11-03,Android TV,150138
2025-11-04,Android TV,150447
2025-11-05,Android TV,150842
2025-11-06,Android TV,151147
2025-11-07,Android TV,151377
2025-11-08,Android TV,151699
2025-11-09,Android TV,151961
2025-11-10,Android TV,152249
2025-11-11,Android TV,152598
2025-11-12,Android TV,152886
2025-11-13,Android TV,153143
2025-11-14,Android TV,153408
2025-11-15,Android TV,153735
2025-11-16,Android TV,154177
2025-11-17,Android TV,154448
2025-11-18,Android TV,154793
2025-11-19,Android TV,155222
2025-11-20,Android TV,155795
2025-11-21,Android TV,156289
2025-11-22,Android TV,156855
2025-11-23,Android TV,157445
2025-11-24,Android TV,157947
2025-11-25,Android TV,158276
2025-11-26,Android TV,158649
2025-11-27,Android TV,159017
2025-11-28,Android TV,160124
2025-11-29,Android TV,160855
2025-11-30,Android TV,161500
2025-12-01,Android TV,161961
2025-12-02,Android TV,162415
2025-12-03,Android TV,162835
2025-12-04,Android TV,163169
2025-12-05,Android TV,163505
2025-12-06,Android TV,163962
2025-12-07,Android TV,164433
2025-12-08,Android TV,164689
2025-12-09,Android TV,165077
2025-12-10,Android TV,165425
2025-12-11,Android TV,165750
2025-12-12,Android TV,166149
2025-12-13,Android TV,166685
2025-12-14,Android TV,167140
2025-12-15,Android TV,167454
2025-12-16,Android TV,168056
2025-12-17,Android TV,168367
2025-12-18,Android TV,168651
2025-12-19,Android TV,169005
2025-12-20,Android TV,169357
2025-12-21,Android TV,169713
2025-12-22,Android TV,169998
2025-12-23,Android TV,170245
2025-12-24,Android TV,170586
2025-12-25,Android TV,171201
2025-12-26,Android TV,171755
2025-12-27,Android TV,172227
2025-12-28,Android TV,172755
2025-12-29,Android TV,173105
2025-12-30,Android TV,173542
2025-12-31,Android TV,174057
2026-01-01,Android TV,174436
2026-01-02,Android TV,175057
2026-01-03,Android TV,175564
2026-01-04,Android TV,176380
2024-12-14,Firestick,5616
2024-12-15,Firestick,5662
2024-12-16,Firestick,5662
2024-12-17,Firestick,5870
2024-12-18,Firestick,5870
2024-12-19,Firestick,5995
2024-12-20,Firestick,6092
2024-12-21,Firestick,6153
2024-12-22,Firestick,6211
2024-12-23,Firestick,6308
2024-12-24,Firestick,6358
2024-12-25,Firestick,6436
2024-12-26,Firestick,6481
2024-12-27,Firestick,6559
2024-12-28,Firestick,6668
2024-12-29,Firestick,6759
2024-12-30,Firestick,6895
2024-12-31,Firestick,7006
2025-01-01,Firestick,7118
2025-01-02,Firestick,7202
2025-01-03,Firestick,7274
2025-01-04,Firestick,7327
2025-01-05,Firestick,7406
2025-01-06,Firestick,7475
2025-01-07,Firestick,7515
2025-01-08,Firestick,7546
2025-01-09,Firestick,7591
2025-01-10,Firestick,7629
2025-01-11,Firestick,7671
2025-01-12,Firestick,7713
2025-01-13,Firestick,7764
2025-01-14,Firestick,7802
2025-01-15,Firestick,7850
2025-01-16,Firestick,7893
2025-01-17,Firestick,7925
2025-01-18,Firestick,7964
2025-01-19,Firestick,8012
2025-01-20,Firestick,8058
2025-01-21,Firestick,8091
2025-01-22,Firestick,8123
2025-01-23,Firestick,8160
2025-01-24,Firestick,8224
2025-01-26,Firestick,8280
2025-01-27,Firestick,8461
2025-01-28,Firestick,8494
2025-01-29,Firestick,8564
2025-01-30,Firestick,8592
2025-01-31,Firestick,8631
2025-02-01,Firestick,8668
2025-02-03,Firestick,8739
2025-02-04,Firestick,8797
2025-02-05,Firestick,8824
2025-02-06,Firestick,8863
2025-02-07,Firestick,8913
2025-02-08,Firestick,8978
2025-02-09,Firestick,9036
2025-02-10,Firestick,9098
2025-02-11,Firestick,9173
2025-02-12,Firestick,9244
2025-02-14,Firestick,9312
2025-02-16,Firestick,9421
2025-02-17,Firestick,9473
2025-02-21,Firestick,9528
2025-02-23,Firestick,9543
2025-02-24,Firestick,9547
2025-02-25,Firestick,9549
2025-02-26,Firestick,9550
2025-02-27,Firestick,9552
2025-02-28,Firestick,9553
2025-03-03,Firestick,9555
2025-03-04,Firestick,9561
2025-03-05,Firestick,9565
2025-03-06,Firestick,9568
2025-03-07,Firestick,9623
2025-03-08,Firestick,9815
2025-03-10,Firestick,10090
2025-03-11,Firestick,10155
2025-03-12,Firestick,10202
2025-03-13,Firestick,10202
2025-03-14,Firestick,10302
2025-03-15,Firestick,10352
2025-03-16,Firestick,10432
2025-03-17,Firestick,10472
2025-03-18,Firestick,10512
2025-03-19,Firestick,10542
2025-03-20,Firestick,10569
2025-03-21,Firestick,10595
2025-03-22,Firestick,10664
2025-03-23,Firestick,10673
2025-03-24,Firestick,10713
2025-03-25,Firestick,10733
2025-03-26,Firestick,10760
2025-03-27,Firestick,10784
2025-03-28,Firestick,10817
2025-03-29,Firestick,10832
2025-03-30,Firestick,10859
2025-03-31,Firestick,10891
2025-04-01,Firestick,10915
2025-04-02,Firestick,10939
2025-04-03,Firestick,10969
2025-04-04,Firestick,10986
2025-04-05,Firestick,11012
2025-04-06,Firestick,11032
2025-04-07,Firestick,11075
2025-04-08,Firestick,11105
2025-04-09,Firestick,11105
2025-04-10,Firestick,11146
2025-04-11,Firestick,11182
2025-04-12,Firestick,11204
2025-04-13,Firestick,11229
2025-04-14,Firestick,11256
2025-04-15,Firestick,11280
2025-04-16,Firestick,11298
2025-04-17,Firestick,11312
2025-04-18,Firestick,11327
2025-04-19,Firestick,11358
2025-04-20,Firestick,11382
2025-04-21,Firestick,11409
2025-04-22,Firestick,11439
2025-04-23,Firestick,11457
2025-04-24,Firestick,11487
2025-04-25,Firestick,11501
2025-04-26,Firestick,11532
2025-04-27,Firestick,11578
2025-04-28,Firestick,11616
2025-04-29,Firestick,11642
2025-04-30,Firestick,11669
2025-05-01,Firestick,11697
2025-05-02,Firestick,11749
2025-05-03,Firestick,11787
2025-05-04,Firestick,11834
2025-05-05,Firestick,11901
2025-05-06,Firestick,11946
2025-05-07,Firestick,11987
2025-05-08,Firestick,12035
2025-05-09,Firestick,12084
2025-05-10,Firestick,12124
2025-05-11,Firestick,12186
2025-05-12,Firestick,12235
2025-05-13,Firestick,12265
2025-05-14,Firestick,12291
2025-05-15,Firestick,12320
2025-05-16,Firestick,12341
2025-05-17,Firestick,12362
2025-05-18,Firestick,12397
2025-05-19,Firestick,12435
2025-05-20,Firestick,12457
2025-05-21,Firestick,12482
2025-05-22,Firestick,12497
2025-05-23,Firestick,12523
2025-05-24,Firestick,12540
2025-05-25,Firestick,12564
2025-05-26,Firestick,12590
2025-05-27,Firestick,12606
2025-05-28,Firestick,12633
2025-05-29,Firestick,12653
2025-05-30,Firestick,12692
2025-05-31,Firestick,12694
2025-06-01,Firestick,12718
2025-06-02,Firestick,12741
2025-06-03,Firestick,12765
2025-06-04,Firestick,12779
2025-06-05,Firestick,12819
2025-06-06,Firestick,12902
2025-06-07,Firestick,13039
2025-06-08,Firestick,13322
2025-06-09,Firestick,13450
2025-06-10,Firestick,13611
2025-06-11,Firestick,14264
2025-06-12,Firestick,14492
2025-06-13,Firestick,14659
2025-06-14,Firestick,14770
2025-06-15,Firestick,14896
2025-06-16,Firestick,15031
2025-06-17,Firestick,15115
2025-06-18,Firestick,15205
2025-06-19,Firestick,15304
2025-06-20,Firestick,15414
2025-06-21,Firestick,15525
2025-06-22,Firestick,15769
2025-06-23,Firestick,16046
2025-06-24,Firestick,16208
2025-06-26,Firestick,16321
2025-06-27,Firestick,16406
2025-06-28,Firestick,16461
2025-06-29,Firestick,16542
2025-06-30,Firestick,16636
2025-07-01,Firestick,16722
2025-07-02,Firestick,16774
2025-07-03,Firestick,16820
2025-07-04,Firestick,16859
2025-07-05,Firestick,16897
2025-07-06,Firestick,16932
2025-07-07,Firestick,16979
2025-07-08,Firestick,17016
2025-07-09,Firestick,17038
2025-07-10,Firestick,17086
2025-07-11,Firestick,17141
2025-07-12,Firestick,17191
2025-07-13,Firestick,17256
2025-07-14,Firestick,17300
2025-07-15,Firestick,17350
2025-07-16,Firestick,17389
2025-07-17,Firestick,17443
2025-07-18,Firestick,17491
2025-07-19,Firestick,17541
2025-07-20,Firestick,17595
2025-07-21,Firestick,17654
2025-07-22,Firestick,17685
2025-07-23,Firestick,17734
2025-07-24,Firestick,17764
2025-07-25,Firestick,17805
2025-07-26,Firestick,17839
2025-07-27,Firestick,17917
2025-07-28,Firestick,17961
2025-07-29,Firestick,17983
2025-07-30,Firestick,18028
2025-07-31,Firestick,18045
2025-08-01,Firestick,18084
2025-08-02,Firestick,18123
2025-08-03,Firestick,18154
2025-08-04,Firestick,18207
2025-08-05,Firestick,18251
2025-08-06,Firestick,18298
2025-08-07,Firestick,18332
2025-08-08,Firestick,18367
2025-08-09,Firestick,18403
2025-08-10,Firestick,18449
2025-08-11,Firestick,18540
2025-08-12,Firestick,18575
2025-08-13,Firestick,18651
2025-08-14,Firestick,18693
2025-08-15,Firestick,18745
2025-08-16,Firestick,18810
2025-08-17,Firestick,18858
2025-08-18,Firestick,18893
2025-08-19,Firestick,18916
2025-08-20,Firestick,18933
2025-08-21,Firestick,18966
2025-08-22,Firestick,19003
2025-08-23,Firestick,19054
2025-08-24,Firestick,19140
2025-08-25,Firestick,19172
2025-08-26,Firestick,19193
2025-08-27,Firestick,19235
2025-08-28,Firestick,19274
2025-08-29,Firestick,19315
2025-08-30,Firestick,19371
2025-08-31,Firestick,19428
2025-09-01,Firestick,19465
2025-09-02,Firestick,19493
2025-09-03,Firestick,19529
2025-09-04,Firestick,19566
2025-09-05,Firestick,19594
2025-09-06,Firestick,19642
2025-09-07,Firestick,19687
2025-09-08,Firestick,19713
2025-09-09,Firestick,19738
2025-09-10,Firestick,19799
2025-09-11,Firestick,19867
2025-09-12,Firestick,19928
2025-09-13,Firestick,20003
2025-09-14,Firestick,20211
2025-09-15,Firestick,20253
2025-09-16,Firestick,20293
2025-09-17,Firestick,20336
2025-09-18,Firestick,20379
2025-09-19,Firestick,20432
2025-09-20,Firestick,20479
2025-09-21,Firestick,20572
2025-09-22,Firestick,20600
2025-09-23,Firestick,20633
2025-09-24,Firestick,20666
2025-09-25,Firestick,20707
2025-09-26,Firestick,20760
2025-09-27,Firestick,20813
2025-09-28,Firestick,20978
2025-09-29,Firestick,21015
2025-09-30,Firestick,21037
2025-10-01,Firestick,21080
2025-10-02,Firestick,21130
2025-10-03,Firestick,21161
2025-10-04,Firestick,21194
2025-10-05,Firestick,21252
2025-10-06,Firestick,21295
2025-10-07,Firestick,21310
2025-10-08,Firestick,21357
2025-10-09,Firestick,21383
2025-10-10,Firestick,21420
2025-10-11,Firestick,21473
2025-10-12,Firestick,21547
2025-10-13,Firestick,21602
2025-10-14,Firestick,21642
2025-10-15,Firestick,21686
2025-10-16,Firestick,21724
2025-10-17,Firestick,21757
2025-10-18,Firestick,21804
2025-10-19,Firestick,21860
2025-10-20,Firestick,21892
2025-10-21,Firestick,21898
2025-10-22,Firestick,21992
2025-10-23,Firestick,22030
2025-10-24,Firestick,22086
2025-10-25,Firestick,22129
2025-10-26,Firestick,22192
2025-10-27,Firestick,22233
2025-10-28,Firestick,22268
2025-10-29,Firestick,22293
2025-10-30,Firestick,22317
2025-10-31,Firestick,22354
2025-11-01,Firestick,22393
2025-11-02,Firestick,22433
2025-11-03,Firestick,22467
2025-11-04,Firestick,22492
2025-11-05,Firestick,22523
2025-11-06,Firestick,22551
2025-11-07,Firestick,22581
2025-11-08,Firestick,22615
2025-11-09,Firestick,22648
2025-11-10,Firestick,22683
2025-11-11,Firestick,22726
2025-11-12,Firestick,22759
2025-11-13,Firestick,22780
2025-11-14,Firestick,22819
2025-11-15,Firestick,22861
2025-11-16,Firestick,22916
2025-11-17,Firestick,22947
2025-11-18,Firestick,22975
2025-11-19,Firestick,23041
2025-11-20,Firestick,23093
2025-11-21,Firestick,23166
2025-11-22,Firestick,23265
2025-11-23,Firestick,23350
2025-11-24,Firestick,23391
2025-11-25,Firestick,23435
2025-11-26,Firestick,23477
2025-11-27,Firestick,23515
2025-11-28,Firestick,23638
2025-11-29,Firestick,23709
2025-11-30,Firestick,23773
2025-12-01,Firestick,23828
2025-12-02,Firestick,23877
2025-12-03,Firestick,23925
2025-12-04,Firestick,23969
2025-12-05,Firestick,24011
2025-12-06,Firestick,24068
2025-12-07,Firestick,24103
2025-12-08,Firestick,24131
2025-12-09,Firestick,24170
2025-12-10,Firestick,24210
2025-12-11,Firestick,24255
2025-12-12,Firestick,24292
2025-12-13,Firestick,24380
2025-12-14,Firestick,24427
2025-12-15,Firestick,24459
2025-12-16,Firestick,24498
2025-12-17,Firestick,24526
2025-12-18,Firestick,24527
2025-12-19,Firestick,24548
2025-12-20,Firestick,24558
2025-12-21,Firestick,24596
2025-12-22,Firestick,24684
2025-12-23,Firestick,24691
2025-12-24,Firestick,24735
2025-12-25,Firestick,24848
2025-12-26,Firestick,24911
2025-12-27,Firestick,24957
2025-12-28,Firestick,25018
2025-12-29,Firestick,25059
2025-12-30,Firestick,25108
2025-12-31,Firestick,25164
2026-01-01,Firestick,25201
2026-01-02,Firestick,25234
2026-01-03,Firestick,25285
2026-01-04,Firestick,25335
2024-12-14,Jio TV,0
2024-12-15,Jio TV,0
2024-12-16,Jio TV,0
2024-12-17,Jio TV,0
2024-12-18,Jio TV,0
2024-12-19,Jio TV,0
2024-12-20,Jio TV,0
2024-12-21,Jio TV,0
2024-12-22,Jio TV,0
2024-12-23,Jio TV,0
2024-12-24,Jio TV,0
2024-12-25,Jio TV,0
2024-12-26,Jio TV,0
2024-12-27,Jio TV,0
2024-12-28,Jio TV,0
2024-12-29,Jio TV,0
2024-12-30,Jio TV,0
2024-12-31,Jio TV,0
2025-01-01,Jio TV,0
2025-01-02,Jio TV,0
2025-01-03,Jio TV,0
2025-01-04,Jio TV,0
2025-01-05,Jio TV,0
2025-01-06,Jio TV,0
2025-01-07,Jio TV,0
2025-01-08,Jio TV,0
2025-01-09,Jio TV,0
2025-01-10,Jio TV,0
2025-01-11,Jio TV,0
2025-01-12,Jio TV,0
2025-01-13,Jio TV,0
2025-01-14,Jio TV,0
2025-01-15,Jio TV,0
2025-01-16,Jio TV,0
2025-01-17,Jio TV,3382
2025-01-18,Jio TV,4546
2025-01-19,Jio TV,6047
2025-01-20,Jio TV,6458
2025-01-21,Jio TV,6531
2025-01-22,Jio TV,6592
2025-01-23,Jio TV,6654
2025-01-24,Jio TV,7095
2025-01-26,Jio TV,7204
2025-01-27,Jio TV,7347
2025-01-28,Jio TV,7481
2025-01-29,Jio TV,7586
2025-01-30,Jio TV,7647
2025-01-31,Jio TV,7713
2025-02-01,Jio TV,7812
2025-02-03,Jio TV,8195
2025-02-04,Jio TV,8223
2025-02-05,Jio TV,8319
2025-02-06,Jio TV,8384
2025-02-07,Jio TV,8432
2025-02-08,Jio TV,8492
2025-02-09,Jio TV,8547
2025-02-10,Jio TV,8596
2025-02-11,Jio TV,8651
2025-02-12,Jio TV,8711
2025-02-14,Jio TV,8776
2025-02-16,Jio TV,8853
2025-02-17,Jio TV,8884
2025-02-21,Jio TV,9482
2025-02-23,Jio TV,9674
2025-02-24,Jio TV,12785
2025-02-25,Jio TV,16752
2025-02-26,Jio TV,20071
2025-02-27,Jio TV,20071
2025-02-28,Jio TV,20119
2025-03-03,Jio TV,20122
2025-03-04,Jio TV,20151
2025-03-05,Jio TV,20162
2025-03-06,Jio TV,20168
2025-03-07,Jio TV,20175
2025-03-08,Jio TV,20179
2025-03-10,Jio TV,20184
2025-03-11,Jio TV,20186
2025-03-12,Jio TV,20187
2025-03-13,Jio TV,20187
2025-03-14,Jio TV,20189
2025-03-15,Jio TV,20190
2025-03-16,Jio TV,20192
2025-03-17,Jio TV,20195
2025-03-18,Jio TV,20197
2025-03-19,Jio TV,20198
2025-03-20,Jio TV,20200
2025-03-21,Jio TV,20219
2025-03-22,Jio TV,20225
2025-03-23,Jio TV,20228
2025-03-24,Jio TV,20237
2025-03-25,Jio TV,20248
2025-03-26,Jio TV,20259
2025-03-27,Jio TV,20267
2025-03-28,Jio TV,20275
2025-03-29,Jio TV,20289
2025-03-30,Jio TV,20303
2025-03-31,Jio TV,20303
2025-04-01,Jio TV,20312
2025-04-02,Jio TV,20332
2025-04-03,Jio TV,20340
2025-04-04,Jio TV,20352
2025-04-05,Jio TV,20367
2025-04-06,Jio TV,20367
2025-04-07,Jio TV,20367
2025-04-08,Jio TV,20381
2025-04-09,Jio TV,20381
2025-04-10,Jio TV,20398
2025-04-11,Jio TV,20412
2025-04-12,Jio TV,20412
2025-04-13,Jio TV,20431
2025-04-14,Jio TV,20431
2025-04-15,Jio TV,20447
2025-04-16,Jio TV,20459
2025-04-17,Jio TV,20473
2025-04-18,Jio TV,20491
2025-04-19,Jio TV,20512
2025-04-20,Jio TV,20535
2025-04-21,Jio TV,20567
2025-04-22,Jio TV,20592
2025-04-23,Jio TV,20608
2025-04-24,Jio TV,20624
2025-04-25,Jio TV,20633
2025-04-26,Jio TV,20653
2025-04-27,Jio TV,20694
2025-04-28,Jio TV,20742
2025-04-29,Jio TV,20777
2025-04-30,Jio TV,20829
2025-05-01,Jio TV,20872
2025-05-02,Jio TV,20934
2025-05-03,Jio TV,21023
2025-05-04,Jio TV,21126
2025-05-05,Jio TV,21221
2025-05-06,Jio TV,21284
2025-05-07,Jio TV,21329
2025-05-08,Jio TV,21401
2025-05-09,Jio TV,21454
2025-05-10,Jio TV,21454
2025-05-11,Jio TV,21581
2025-05-12,Jio TV,21657
2025-05-13,Jio TV,21716
2025-05-14,Jio TV,21782
2025-05-15,Jio TV,21831
2025-05-16,Jio TV,21876
2025-05-17,Jio TV,21928
2025-05-18,Jio TV,22010
2025-05-19,Jio TV,22078
2025-05-20,Jio TV,22119
2025-05-21,Jio TV,22173
2025-05-22,Jio TV,22208
2025-05-23,Jio TV,22247
2025-05-24,Jio TV,22285
2025-05-25,Jio TV,22332
2025-05-26,Jio TV,22379
2025-05-27,Jio TV,22412
2025-05-28,Jio TV,22453
2025-05-29,Jio TV,22494
2025-05-30,Jio TV,22552
2025-05-31,Jio TV,22607
2025-06-01,Jio TV,22663
2025-06-02,Jio TV,22718
2025-06-03,Jio TV,22764
2025-06-04,Jio TV,22790
2025-06-05,Jio TV,22856
2025-06-06,Jio TV,22928
2025-06-07,Jio TV,23032
2025-06-08,Jio TV,23321
2025-06-09,Jio TV,23451
2025-06-10,Jio TV,23647
2025-06-11,Jio TV,23867
2025-06-12,Jio TV,24107
2025-06-13,Jio TV,24283
2025-06-14,Jio TV,24399
2025-06-15,Jio TV,24521
2025-06-16,Jio TV,24672
2025-06-17,Jio TV,24753
2025-06-18,Jio TV,24867
2025-06-19,Jio TV,24994
2025-06-20,Jio TV,25115
2025-06-21,Jio TV,25330
2025-06-22,Jio TV,25680
2025-06-23,Jio TV,26001
2025-06-24,Jio TV,26163
2025-06-26,Jio TV,26385
2025-06-27,Jio TV,26508
2025-06-28,Jio TV,26610
2025-06-29,Jio TV,26723
2025-06-30,Jio TV,26791
2025-07-01,Jio TV,26911
2025-07-02,Jio TV,26993
2025-07-03,Jio TV,27059
2025-07-04,Jio TV,27119
2025-07-05,Jio TV,27162
2025-07-06,Jio TV,27212
2025-07-07,Jio TV,27264
2025-07-08,Jio TV,27315
2025-07-09,Jio TV,27355
2025-07-10,Jio TV,27410
2025-07-11,Jio TV,27476
2025-07-12,Jio TV,27539
2025-07-13,Jio TV,27599
2025-07-14,Jio TV,27662
2025-07-15,Jio TV,27711
2025-07-16,Jio TV,27755
2025-07-17,Jio TV,27801
2025-07-18,Jio TV,27856
2025-07-19,Jio TV,27898
2025-07-20,Jio TV,27961
2025-07-21,Jio TV,28003
2025-07-22,Jio TV,28048
2025-07-23,Jio TV,28090
2025-07-24,Jio TV,28124
2025-07-25,Jio TV,28161
2025-07-26,Jio TV,28203
2025-07-27,Jio TV,28268
2025-07-28,Jio TV,28327
2025-07-29,Jio TV,28369
2025-07-30,Jio TV,28403
2025-07-31,Jio TV,28438
2025-08-01,Jio TV,28472
2025-08-02,Jio TV,28499
2025-08-03,Jio TV,28540
2025-08-04,Jio TV,28575
2025-08-05,Jio TV,28611
2025-08-06,Jio TV,28647
2025-08-07,Jio TV,28683
2025-08-08,Jio TV,28716
2025-08-09,Jio TV,28749
2025-08-10,Jio TV,28801
2025-08-11,Jio TV,28865
2025-08-12,Jio TV,28895
2025-08-13,Jio TV,28968
2025-08-14,Jio TV,29024
2025-08-15,Jio TV,29056
2025-08-16,Jio TV,29101
2025-08-17,Jio TV,29143
2025-08-18,Jio TV,29165
2025-08-19,Jio TV,29190
2025-08-20,Jio TV,29206
2025-08-21,Jio TV,29223
2025-08-22,Jio TV,29250
2025-08-23,Jio TV,29283
2025-08-24,Jio TV,29316
2025-08-25,Jio TV,29347
2025-08-26,Jio TV,29370
2025-08-27,Jio TV,29393
2025-08-28,Jio TV,29417
2025-08-29,Jio TV,29442
2025-08-30,Jio TV,29463
2025-08-31,Jio TV,29492
2025-09-01,Jio TV,29510
2025-09-02,Jio TV,29531
2025-09-03,Jio TV,29552
2025-09-04,Jio TV,29577
2025-09-05,Jio TV,29598
2025-09-06,Jio TV,29620
2025-09-07,Jio TV,29655
2025-09-08,Jio TV,29678
2025-09-09,Jio TV,29701
2025-09-10,Jio TV,29755
2025-09-11,Jio TV,29826
2025-09-12,Jio TV,29919
2025-09-13,Jio TV,29989
2025-09-14,Jio TV,30082
2025-09-15,Jio TV,30164
2025-09-16,Jio TV,30218
2025-09-17,Jio TV,30273
2025-09-18,Jio TV,30338
2025-09-19,Jio TV,30401
2025-09-20,Jio TV,30473
2025-09-21,Jio TV,30545
2025-09-22,Jio TV,30593
2025-09-23,Jio TV,30619
2025-09-24,Jio TV,30641
2025-09-25,Jio TV,30683
2025-09-26,Jio TV,30727
2025-09-27,Jio TV,30778
2025-09-28,Jio TV,30810
2025-09-29,Jio TV,30843
2025-09-30,Jio TV,30876
2025-10-01,Jio TV,30905
2025-10-02,Jio TV,30945
2025-10-03,Jio TV,30976
2025-10-04,Jio TV,31014
2025-10-05,Jio TV,31047
2025-10-06,Jio TV,31076
2025-10-07,Jio TV,31104
2025-10-08,Jio TV,31138
2025-10-09,Jio TV,31175
2025-10-10,Jio TV,31218
2025-10-11,Jio TV,31243
2025-10-12,Jio TV,31285
2025-10-13,Jio TV,31309
2025-10-14,Jio TV,31352
2025-10-15,Jio TV,31397
2025-10-16,Jio TV,31446
2025-10-17,Jio TV,31487
2025-10-18,Jio TV,31536
2025-10-19,Jio TV,31583
2025-10-20,Jio TV,31616
2025-10-21,Jio TV,31658
2025-10-22,Jio TV,31719
2025-10-23,Jio TV,31753
2025-10-24,Jio TV,31829
2025-10-25,Jio TV,31913
2025-10-26,Jio TV,31913
2025-10-27,Jio TV,32041
2025-10-28,Jio TV,32094
2025-10-29,Jio TV,32148
2025-10-30,Jio TV,32204
2025-10-31,Jio TV,32255
2025-11-01,Jio TV,32294
2025-11-02,Jio TV,32347
2025-11-03,Jio TV,32381
2025-11-04,Jio TV,32426
2025-11-05,Jio TV,32462
2025-11-06,Jio TV,32494
2025-11-07,Jio TV,32527
2025-11-08,Jio TV,32565
2025-11-09,Jio TV,32606
2025-11-10,Jio TV,32650
2025-11-11,Jio TV,32687
2025-11-12,Jio TV,32723
2025-11-13,Jio TV,32757
2025-11-14,Jio TV,32791
2025-11-15,Jio TV,32840
2025-11-16,Jio TV,32917
2025-11-17,Jio TV,32977
2025-11-18,Jio TV,33025
2025-11-19,Jio TV,33078
2025-11-20,Jio TV,33130
2025-11-21,Jio TV,33162
2025-11-22,Jio TV,33197
2025-11-23,Jio TV,33247
2025-11-24,Jio TV,33291
2025-11-25,Jio TV,33330
2025-11-26,Jio TV,33354
2025-11-27,Jio TV,33388
2025-11-28,Jio TV,33412
2025-11-29,Jio TV,33447
2025-11-30,Jio TV,33491
2025-12-01,Jio TV,33525
2025-12-02,Jio TV,33565
2025-12-03,Jio TV,33602
2025-12-04,Jio TV,33639
2025-12-05,Jio TV,33671
2025-12-06,Jio TV,33709
2025-12-07,Jio TV,33772
2025-12-08,Jio TV,33804
2025-12-09,Jio TV,33839
2025-12-10,Jio TV,33873
2025-12-11,Jio TV,33897
2025-12-12,Jio TV,33935
2025-12-13,Jio TV,33978
2025-12-14,Jio TV,34012
2025-12-15,Jio TV,34054
2025-12-16,Jio TV,34091
2025-12-17,Jio TV,34126
2025-12-18,Jio TV,34146
2025-12-19,Jio TV,34181
2025-12-20,Jio TV,34224
2025-12-21,Jio TV,34288
2025-12-22,Jio TV,34325
2025-12-23,Jio TV,34362
2025-12-24,Jio TV,34404
2025-12-25,Jio TV,34448
2025-12-26,Jio TV,34518
2025-12-27,Jio TV,34589
2025-12-28,Jio TV,34665
2025-12-29,Jio TV,34707
2025-12-30,Jio TV,34770
2025-12-31,Jio TV,34834
2026-01-01,Jio TV,34889
2026-01-02,Jio TV,34933
2026-01-03,Jio TV,34988
2026-01-04,Jio TV,35076
2024-12-14,Samsung TV,0
2024-12-15,Samsung TV,0
2024-12-16,Samsung TV,0
2024-12-17,Samsung TV,0
2024-12-18,Samsung TV,0
2024-12-19,Samsung TV,0
2024-12-20,Samsung TV,0
2024-12-21,Samsung TV,0
2024-12-22,Samsung TV,0
2024-12-23,Samsung TV,0
2024-12-24,Samsung TV,0
2024-12-25,Samsung TV,0
2024-12-26,Samsung TV,0
2024-12-27,Samsung TV,0
2024-12-28,Samsung TV,0
2024-12-29,Samsung TV,0
2024-12-30,Samsung TV,0
2024-12-31,Samsung TV,0
2025-01-01,Samsung TV,0
2025-01-02,Samsung TV,0
2025-01-03,Samsung TV,0
2025-01-04,Samsung TV,0
2025-01-05,Samsung TV,0
2025-01-06,Samsung TV,0
2025-01-07,Samsung TV,0
2025-01-08,Samsung TV,0
2025-01-09,Samsung TV,0
2025-01-10,Samsung TV,0
2025-01-11,Samsung TV,0
2025-01-12,Samsung TV,0
2025-01-13,Samsung TV,0
2025-01-14,Samsung TV,0
2025-01-15,Samsung TV,0
2025-01-16,Samsung TV,0
2025-01-17,Samsung TV,0
2025-01-18,Samsung TV,0
2025-01-19,Samsung TV,0
2025-01-20,Samsung TV,0
2025-01-21,Samsung TV,0
2025-01-22,Samsung TV,0
2025-01-23,Samsung TV,0
2025-01-24,Samsung TV,0
2025-01-26,Samsung TV,0
2025-01-27,Samsung TV,0
2025-01-28,Samsung TV,0
2025-01-29,Samsung TV,0
2025-01-30,Samsung TV,0
2025-01-31,Samsung TV,0
2025-02-01,Samsung TV,0
2025-02-03,Samsung TV,0
2025-02-04,Samsung TV,0
2025-02-05,Samsung TV,0
2025-02-06,Samsung TV,1971
2025-02-07,Samsung TV,1992
2025-02-08,Samsung TV,2009
2025-02-09,Samsung TV,2025
2025-02-10,Samsung TV,2047
2025-02-11,Samsung TV,2073
2025-02-12,Samsung TV,2104
2025-02-14,Samsung TV,2136
2025-02-16,Samsung TV,2182
2025-02-17,Samsung TV,2212
2025-02-21,Samsung TV,4094
2025-02-23,Samsung TV,4211
2025-02-24,Samsung TV,4250
2025-02-25,Samsung TV,4273
2025-02-26,Samsung TV,4292
2025-02-27,Samsung TV,4361
2025-02-28,Samsung TV,4398
2025-03-03,Samsung TV,4578
2025-03-04,Samsung TV,4581
2025-03-05,Samsung TV,4585
2025-03-06,Samsung TV,4621
2025-03-07,Samsung TV,4693
2025-03-08,Samsung TV,4721
2025-03-10,Samsung TV,4817
2025-03-11,Samsung TV,4819
2025-03-12,Samsung TV,4820
2025-03-13,Samsung TV,4820
2025-03-14,Samsung TV,4822
2025-03-15,Samsung TV,4824
2025-03-16,Samsung TV,4826
2025-03-17,Samsung TV,4978
2025-03-18,Samsung TV,4992
2025-03-19,Samsung TV,4994
2025-03-20,Samsung TV,4995
2025-03-21,Samsung TV,4996
2025-03-22,Samsung TV,4997
2025-03-23,Samsung TV,4999
2025-03-24,Samsung TV,5000
2025-03-25,Samsung TV,5002
2025-03-26,Samsung TV,5003
2025-03-27,Samsung TV,5003
2025-03-28,Samsung TV,5004
2025-03-29,Samsung TV,5004
2025-03-30,Samsung TV,5005
2025-03-31,Samsung TV,5005
2025-04-01,Samsung TV,5005
2025-04-02,Samsung TV,5005
2025-04-03,Samsung TV,5005
2025-04-04,Samsung TV,5005
2025-04-05,Samsung TV,5005
2025-04-06,Samsung TV,5005
2025-04-07,Samsung TV,5005
2025-04-08,Samsung TV,5005
2025-04-09,Samsung TV,5005
2025-04-10,Samsung TV,5005
2025-04-11,Samsung TV,5005
2025-04-12,Samsung TV,5005
2025-04-13,Samsung TV,5005
2025-04-14,Samsung TV,5005
2025-04-15,Samsung TV,5005
2025-04-16,Samsung TV,5005
2025-04-17,Samsung TV,5005
2025-04-18,Samsung TV,5005
2025-04-19,Samsung TV,5005
2025-04-20,Samsung TV,5005
2025-04-21,Samsung TV,5005
2025-04-22,Samsung TV,5005
2025-04-23,Samsung TV,5005
2025-04-24,Samsung TV,5005
2025-04-25,Samsung TV,5009
2025-04-26,Samsung TV,5009
2025-04-27,Samsung TV,5011
2025-04-28,Samsung TV,5013
2025-04-29,Samsung TV,5013
2025-04-30,Samsung TV,5013
2025-05-01,Samsung TV,5017
2025-05-02,Samsung TV,5043
2025-05-03,Samsung TV,5071
2025-05-04,Samsung TV,5093
2025-05-05,Samsung TV,5221
2025-05-06,Samsung TV,5247
2025-05-07,Samsung TV,5280
2025-05-08,Samsung TV,5306
2025-05-09,Samsung TV,5340
2025-05-10,Samsung TV,5376
2025-05-11,Samsung TV,5423
2025-05-12,Samsung TV,5473
2025-05-13,Samsung TV,5511
2025-05-14,Samsung TV,5534
2025-05-15,Samsung TV,5558
2025-05-16,Samsung TV,5580
2025-05-17,Samsung TV,5601
2025-05-18,Samsung TV,5626
2025-05-19,Samsung TV,5659
2025-05-20,Samsung TV,5671
2025-05-21,Samsung TV,5691
2025-05-22,Samsung TV,5710
2025-05-23,Samsung TV,5735
2025-05-24,Samsung TV,5766
2025-05-25,Samsung TV,5782
2025-05-26,Samsung TV,5804
2025-05-27,Samsung TV,5814
2025-05-28,Samsung TV,5830
2025-05-29,Samsung TV,5852
2025-05-30,Samsung TV,5867
2025-05-31,Samsung TV,5879
2025-06-01,Samsung TV,5905
2025-06-02,Samsung TV,5925
2025-06-03,Samsung TV,5986
2025-06-04,Samsung TV,6037
2025-06-05,Samsung TV,6078
2025-06-06,Samsung TV,6149
2025-06-07,Samsung TV,6266
2025-06-08,Samsung TV,6385
2025-06-09,Samsung TV,6559
2025-06-10,Samsung TV,6681
2025-06-11,Samsung TV,6840
2025-06-12,Samsung TV,7000
2025-06-13,Samsung TV,7123
2025-06-14,Samsung TV,7196
2025-06-15,Samsung TV,7281
2025-06-16,Samsung TV,7373
2025-06-17,Samsung TV,7435
2025-06-18,Samsung TV,7495
2025-06-19,Samsung TV,7556
2025-06-20,Samsung TV,7620
2025-06-21,Samsung TV,7716
2025-06-22,Samsung TV,7858
2025-06-23,Samsung TV,8014
2025-06-24,Samsung TV,8086
2025-06-26,Samsung TV,8188
2025-06-27,Samsung TV,8218
2025-06-28,Samsung TV,8262
2025-06-29,Samsung TV,8312
2025-06-30,Samsung TV,8384
2025-07-01,Samsung TV,8438
2025-07-02,Samsung TV,8472
2025-07-03,Samsung TV,8505
2025-07-04,Samsung TV,8534
2025-07-05,Samsung TV,8558
2025-07-06,Samsung TV,8595
2025-07-07,Samsung TV,8628
2025-07-08,Samsung TV,8654
2025-07-09,Samsung TV,8682
2025-07-10,Samsung TV,8715
2025-07-11,Samsung TV,8752
2025-07-12,Samsung TV,8775
2025-07-13,Samsung TV,8799
2025-07-14,Samsung TV,8837
2025-07-15,Samsung TV,9108
2025-07-16,Samsung TV,9390
2025-07-17,Samsung TV,9661
2025-07-18,Samsung TV,9824
2025-07-19,Samsung TV,9917
2025-07-20,Samsung TV,10010
2025-07-21,Samsung TV,10124
2025-07-22,Samsung TV,10185
2025-07-23,Samsung TV,10239
2025-07-24,Samsung TV,10271
2025-07-25,Samsung TV,10309
2025-07-26,Samsung TV,10344
2025-07-27,Samsung TV,10422
2025-07-28,Samsung TV,10476
2025-07-29,Samsung TV,10514
2025-07-30,Samsung TV,10551
2025-07-31,Samsung TV,10581
2025-08-01,Samsung TV,10616
2025-08-02,Samsung TV,10650
2025-08-03,Samsung TV,10696
2025-08-04,Samsung TV,10740
2025-08-05,Samsung TV,10778
2025-08-06,Samsung TV,10827
2025-08-07,Samsung TV,10848
2025-08-08,Samsung TV,10873
2025-08-09,Samsung TV,10889
2025-08-10,Samsung TV,10927
2025-08-11,Samsung TV,10972
2025-08-12,Samsung TV,10999
2025-08-13,Samsung TV,11062
2025-08-14,Samsung TV,11098
2025-08-15,Samsung TV,11139
2025-08-16,Samsung TV,11188
2025-08-17,Samsung TV,11222
2025-08-18,Samsung TV,11249
2025-08-19,Samsung TV,11278
2025-08-20,Samsung TV,11303
2025-08-21,Samsung TV,11333
2025-08-22,Samsung TV,11349
2025-08-23,Samsung TV,11382
2025-08-24,Samsung TV,11422
2025-08-25,Samsung TV,11445
2025-08-26,Samsung TV,11469
2025-08-27,Samsung TV,11501
2025-08-28,Samsung TV,11528
2025-08-29,Samsung TV,11556
2025-08-30,Samsung TV,11592
2025-08-31,Samsung TV,11640
2025-09-01,Samsung TV,11664
2025-09-02,Samsung TV,11693
2025-09-03,Samsung TV,11716
2025-09-04,Samsung TV,11734
2025-09-05,Samsung TV,11761
2025-09-06,Samsung TV,11792
2025-09-07,Samsung TV,11826
2025-09-08,Samsung TV,11856
2025-09-09,Samsung TV,11881
2025-09-10,Samsung TV,11924
2025-09-11,Samsung TV,11967
2025-09-12,Samsung TV,12012
2025-09-13,Samsung TV,12047
2025-09-14,Samsung TV,12224
2025-09-15,Samsung TV,12260
2025-09-16,Samsung TV,12299
2025-09-17,Samsung TV,12323
2025-09-18,Samsung TV,12347
2025-09-19,Samsung TV,12375
2025-09-20,Samsung TV,12402
2025-09-21,Samsung TV,12473
2025-09-22,Samsung TV,12657
2025-09-23,Samsung TV,12803
2025-09-24,Samsung TV,12845
2025-09-25,Samsung TV,12887
2025-09-26,Samsung TV,12935
2025-09-27,Samsung TV,12993
2025-09-28,Samsung TV,13116
2025-09-29,Samsung TV,13149
2025-09-30,Samsung TV,13187
2025-10-01,Samsung TV,13215
2025-10-02,Samsung TV,13248
2025-10-03,Samsung TV,13277
2025-10-04,Samsung TV,13314
2025-10-05,Samsung TV,13354
2025-10-06,Samsung TV,13460
2025-10-07,Samsung TV,13575
2025-10-08,Samsung TV,13617
2025-10-09,Samsung TV,13657
2025-10-10,Samsung TV,13700
2025-10-11,Samsung TV,13757
2025-10-12,Samsung TV,13815
2025-10-13,Samsung TV,13852
2025-10-14,Samsung TV,13898
2025-10-15,Samsung TV,13939
2025-10-16,Samsung TV,13985
2025-10-17,Samsung TV,14017
2025-10-18,Samsung TV,14059
2025-10-19,Samsung TV,14110
2025-10-20,Samsung TV,14148
2025-10-21,Samsung TV,14184
2025-10-22,Samsung TV,14220
2025-10-23,Samsung TV,14263
2025-10-24,Samsung TV,14300
2025-10-25,Samsung TV,14369
2025-10-26,Samsung TV,14417
2025-10-27,Samsung TV,14453
2025-10-28,Samsung TV,14493
2025-10-29,Samsung TV,14524
2025-10-30,Samsung TV,14562
2025-10-31,Samsung TV,14582
2025-11-01,Samsung TV,14620
2025-11-02,Samsung TV,14669
2025-11-03,Samsung TV,14691
2025-11-04,Samsung TV,14712
2025-11-05,Samsung TV,14736
2025-11-06,Samsung TV,14762
2025-11-07,Samsung TV,14782
2025-11-08,Samsung TV,14827
2025-11-09,Samsung TV,14865
2025-11-10,Samsung TV,14886
2025-11-11,Samsung TV,14909
2025-11-12,Samsung TV,14928
2025-11-13,Samsung TV,14945
2025-11-14,Samsung TV,14963
2025-11-15,Samsung TV,15010
2025-11-16,Samsung TV,15060
2025-11-17,Samsung TV,15082
2025-11-18,Samsung TV,15098
2025-11-19,Samsung TV,15123
2025-11-20,Samsung TV,15148
2025-11-21,Samsung TV,15194
2025-11-22,Samsung TV,15246
2025-11-23,Samsung TV,15293
2025-11-24,Samsung TV,15321
2025-11-25,Samsung TV,15345
2025-11-26,Samsung TV,15363
2025-11-27,Samsung TV,15411
2025-11-28,Samsung TV,15491
2025-11-29,Samsung TV,15539
2025-11-30,Samsung TV,15596
2025-12-01,Samsung TV,15621
2025-12-02,Samsung TV,15654
2025-12-03,Samsung TV,15686
2025-12-04,Samsung TV,15716
2025-12-05,Samsung TV,15753
2025-12-06,Samsung TV,15790
2025-12-07,Samsung TV,15829
2025-12-08,Samsung TV,15852
2025-12-09,Samsung TV,15886
2025-12-10,Samsung TV,15917
2025-12-11,Samsung TV,15947
2025-12-12,Samsung TV,15974
2025-12-13,Samsung TV,16040
2025-12-14,Samsung TV,16083
2025-12-15,Samsung TV,16112
2025-12-16,Samsung TV,16134
2025-12-17,Samsung TV,16161
2025-12-18,Samsung TV,16186
2025-12-19,Samsung TV,16206
2025-12-20,Samsung TV,16231
2025-12-21,Samsung TV,16263
2025-12-22,Samsung TV,16287
2025-12-23,Samsung TV,16306
2025-12-24,Samsung TV,16327
2025-12-25,Samsung TV,16401
2025-12-26,Samsung TV,16445
2025-12-27,Samsung TV,16482
2025-12-28,Samsung TV,16525
2025-12-29,Samsung TV,16553
2025-12-30,Samsung TV,16585
2025-12-31,Samsung TV,16627
2026-01-01,Samsung TV,16652
2026-01-02,Samsung TV,16675
2026-01-03,Samsung TV,16699
2026-01-04,Samsung TV,16742
2024-12-14,Apple TV,688
2024-12-15,Apple TV,692
2024-12-16,Apple TV,692
2024-12-17,Apple TV,697
2024-12-18,Apple TV,704
2024-12-19,Apple TV,713
2024-12-20,Apple TV,713
2024-12-21,Apple TV,722
2024-12-22,Apple TV,722
2024-12-23,Apple TV,738
2024-12-24,Apple TV,747
2024-12-25,Apple TV,747
2024-12-26,Apple TV,763
2024-12-27,Apple TV,763
2024-12-28,Apple TV,788
2024-12-29,Apple TV,806
2024-12-30,Apple TV,823
2024-12-31,Apple TV,830
2025-01-01,Apple TV,841
2025-01-02,Apple TV,854
2025-01-03,Apple TV,864
2025-01-04,Apple TV,875
2025-01-05,Apple TV,882
2025-01-06,Apple TV,890
2025-01-07,Apple TV,897
2025-01-08,Apple TV,903
2025-01-09,Apple TV,906
2025-01-10,Apple TV,908
2025-01-11,Apple TV,910
2025-01-12,Apple TV,910
2025-01-13,Apple TV,926
2025-01-14,Apple TV,936
2025-01-15,Apple TV,938
2025-01-16,Apple TV,944
2025-01-17,Apple TV,946
2025-01-18,Apple TV,951
2025-01-19,Apple TV,958
2025-01-20,Apple TV,963
2025-01-21,Apple TV,970
2025-01-22,Apple TV,976
2025-01-23,Apple TV,979
2025-01-24,Apple TV,985
2025-01-26,Apple TV,988
2025-01-27,Apple TV,993
2025-01-28,Apple TV,1020
2025-01-29,Apple TV,1022
2025-01-30,Apple TV,1030
2025-01-31,Apple TV,1033
2025-02-01,Apple TV,1038
2025-02-03,Apple TV,1042
2025-02-04,Apple TV,1044
2025-02-05,Apple TV,1046
2025-02-06,Apple TV,1048
2025-02-07,Apple TV,1051
2025-02-08,Apple TV,1053
2025-02-09,Apple TV,1055
2025-02-10,Apple TV,1057
2025-02-11,Apple TV,1059
2025-02-12,Apple TV,1062
2025-02-14,Apple TV,1069
2025-02-16,Apple TV,1082
2025-02-17,Apple TV,1087
2025-02-21,Apple TV,1095
2025-02-23,Apple TV,1098
2025-02-24,Apple TV,1100
2025-02-25,Apple TV,1105
2025-02-26,Apple TV,1108
2025-02-27,Apple TV,1125
2025-02-28,Apple TV,1132
2025-03-03,Apple TV,1150
2025-03-04,Apple TV,1152
2025-03-05,Apple TV,1153
2025-03-06,Apple TV,1154
2025-03-07,Apple TV,1155
2025-03-08,Apple TV,1156
2025-03-10,Apple TV,1159
2025-03-11,Apple TV,1160
2025-03-12,Apple TV,1160
2025-03-13,Apple TV,1160
2025-03-14,Apple TV,1164
2025-03-15,Apple TV,1168
2025-03-16,Apple TV,1170
2025-03-17,Apple TV,1174
2025-03-18,Apple TV,1178
2025-03-19,Apple TV,1181
2025-03-20,Apple TV,1185
2025-03-21,Apple TV,1187
2025-03-22,Apple TV,1188
2025-03-23,Apple TV,1188
2025-03-24,Apple TV,1194
2025-03-25,Apple TV,1194
2025-03-26,Apple TV,1194
2025-03-27,Apple TV,1204
2025-03-28,Apple TV,1206
2025-03-29,Apple TV,1206
2025-03-30,Apple TV,1206
2025-03-31,Apple TV,1213
2025-04-01,Apple TV,1213
2025-04-02,Apple TV,1214
2025-04-03,Apple TV,1215
2025-04-04,Apple TV,1216
2025-04-05,Apple TV,1218
2025-04-06,Apple TV,1220
2025-04-07,Apple TV,1225
2025-04-08,Apple TV,1230
2025-04-09,Apple TV,1237
2025-04-10,Apple TV,1237
2025-04-11,Apple TV,1239
2025-04-12,Apple TV,1240
2025-04-13,Apple TV,1245
2025-04-14,Apple TV,1249
2025-04-15,Apple TV,1252
2025-04-16,Apple TV,1252
2025-04-17,Apple TV,1255
2025-04-18,Apple TV,1258
2025-04-19,Apple TV,1263
2025-04-20,Apple TV,1268
2025-04-21,Apple TV,1274
2025-04-22,Apple TV,1280
2025-04-23,Apple TV,1283
2025-04-24,Apple TV,1289
2025-04-25,Apple TV,1295
2025-04-26,Apple TV,1299
2025-04-27,Apple TV,1308
2025-04-28,Apple TV,1317
2025-04-29,Apple TV,1322
2025-04-30,Apple TV,1335
2025-05-01,Apple TV,1339
2025-05-02,Apple TV,1340
2025-05-03,Apple TV,1347
2025-05-04,Apple TV,1356
2025-05-05,Apple TV,1361
2025-05-06,Apple TV,1368
2025-05-07,Apple TV,1372
2025-05-08,Apple TV,1377
2025-05-09,Apple TV,1384
2025-05-10,Apple TV,1392
2025-05-11,Apple TV,1398
2025-05-12,Apple TV,1405
2025-05-13,Apple TV,1408
2025-05-14,Apple TV,1413
2025-05-15,Apple TV,1418
2025-05-16,Apple TV,1421
2025-05-17,Apple TV,1422
2025-05-18,Apple TV,1425
2025-05-19,Apple TV,1428
2025-05-20,Apple TV,1430
2025-05-21,Apple TV,1431
2025-05-22,Apple TV,1434
2025-05-23,Apple TV,1439
2025-05-24,Apple TV,1441
2025-05-25,Apple TV,1444
2025-05-26,Apple TV,1448
2025-05-27,Apple TV,1450
2025-05-28,Apple TV,1452
2025-05-29,Apple TV,1457
2025-05-30,Apple TV,1458
2025-05-31,Apple TV,1462
2025-06-01,Apple TV,1465
2025-06-02,Apple TV,1470
2025-06-03,Apple TV,1472
2025-06-04,Apple TV,1474
2025-06-05,Apple TV,1475
2025-06-06,Apple TV,1477
2025-06-07,Apple TV,1481
2025-06-08,Apple TV,1487
2025-06-09,Apple TV,1497
2025-06-10,Apple TV,1510
2025-06-11,Apple TV,1524
2025-06-12,Apple TV,1532
2025-06-13,Apple TV,1538
2025-06-14,Apple TV,1550
2025-06-15,Apple TV,1553
2025-06-16,Apple TV,1560
2025-06-17,Apple TV,1568
2025-06-18,Apple TV,1578
2025-06-19,Apple TV,1583
2025-06-20,Apple TV,1587
2025-06-21,Apple TV,1601
2025-06-22,Apple TV,1606
2025-06-23,Apple TV,1616
2025-06-24,Apple TV,1631
2025-06-26,Apple TV,1643
2025-06-27,Apple TV,1648
2025-06-28,Apple TV,1652
2025-06-29,Apple TV,1658
2025-06-30,Apple TV,1666
2025-07-01,Apple TV,1674
2025-07-02,Apple TV,1680
2025-07-03,Apple TV,1685
2025-07-04,Apple TV,1688
2025-07-05,Apple TV,1691
2025-07-06,Apple TV,1693
2025-07-07,Apple TV,1695
2025-07-08,Apple TV,1699
2025-07-09,Apple TV,1702
2025-07-10,Apple TV,1705
2025-07-11,Apple TV,1712
2025-07-12,Apple TV,1719
2025-07-13,Apple TV,1722
2025-07-14,Apple TV,1727
2025-07-15,Apple TV,1729
2025-07-16,Apple TV,1732
2025-07-17,Apple TV,1736
2025-07-18,Apple TV,1743
2025-07-19,Apple TV,1751
2025-07-20,Apple TV,1761
2025-07-21,Apple TV,1768
2025-07-22,Apple TV,1778
2025-07-23,Apple TV,1783
2025-07-24,Apple TV,1789
2025-07-25,Apple TV,1791
2025-07-26,Apple TV,1792
2025-07-27,Apple TV,1795
2025-07-28,Apple TV,1801
2025-07-29,Apple TV,1809
2025-07-30,Apple TV,1810
2025-07-31,Apple TV,1816
2025-08-01,Apple TV,1817
2025-08-02,Apple TV,1823
2025-08-03,Apple TV,1831
2025-08-04,Apple TV,1835
2025-08-05,Apple TV,1837
2025-08-06,Apple TV,1840
2025-08-07,Apple TV,1848
2025-08-08,Apple TV,1851
2025-08-09,Apple TV,1854
2025-08-10,Apple TV,1856
2025-08-11,Apple TV,1857
2025-08-12,Apple TV,1859
2025-08-13,Apple TV,1865
2025-08-14,Apple TV,1865
2025-08-15,Apple TV,1865
2025-08-16,Apple TV,1868
2025-08-17,Apple TV,1869
2025-08-18,Apple TV,1874
2025-08-19,Apple TV,1877
2025-08-20,Apple TV,1881
2025-08-21,Apple TV,1886
2025-08-22,Apple TV,1891
2025-08-23,Apple TV,1896
2025-08-24,Apple TV,1900
2025-08-25,Apple TV,1901
2025-08-26,Apple TV,1905
2025-08-27,Apple TV,1910
2025-08-28,Apple TV,1911
2025-08-29,Apple TV,1913
2025-08-30,Apple TV,1920
2025-08-31,Apple TV,1923
2025-09-01,Apple TV,1926
2025-09-02,Apple TV,1928
2025-09-03,Apple TV,1930
2025-09-04,Apple TV,1937
2025-09-05,Apple TV,1940
2025-09-06,Apple TV,1942
2025-09-07,Apple TV,1944
2025-09-08,Apple TV,1947
2025-09-09,Apple TV,1947
2025-09-10,Apple TV,1950
2025-09-11,Apple TV,1953
2025-09-12,Apple TV,1957
2025-09-13,Apple TV,1967
2025-09-14,Apple TV,1975
2025-09-15,Apple TV,1993
2025-09-16,Apple TV,1996
2025-09-17,Apple TV,2002
2025-09-18,Apple TV,2005
2025-09-19,Apple TV,2008
2025-09-20,Apple TV,2013
2025-09-21,Apple TV,2013
2025-09-22,Apple TV,2017
2025-09-23,Apple TV,2019
2025-09-24,Apple TV,2022
2025-09-25,Apple TV,2024
2025-09-26,Apple TV,2027
2025-09-27,Apple TV,2031
2025-09-28,Apple TV,2034
2025-09-29,Apple TV,2035
2025-09-30,Apple TV,2040
2025-10-01,Apple TV,2045
2025-10-02,Apple TV,2049
2025-10-03,Apple TV,2050
2025-10-04,Apple TV,2055
2025-10-05,Apple TV,2057
2025-10-06,Apple TV,2060
2025-10-07,Apple TV,2062
2025-10-08,Apple TV,2069
2025-10-09,Apple TV,2077
2025-10-10,Apple TV,2078
2025-10-11,Apple TV,2080
2025-10-12,Apple TV,2084
2025-10-13,Apple TV,2085
2025-10-14,Apple TV,2193
2025-10-15,Apple TV,2098
2025-10-16,Apple TV,2102
2025-10-17,Apple TV,2108
2025-10-18,Apple TV,2109
2025-10-19,Apple TV,2112
2025-10-20,Apple TV,2114
2025-10-21,Apple TV,2118
2025-10-22,Apple TV,2121
2025-10-23,Apple TV,2124
2025-10-24,Apple TV,2130
2025-10-25,Apple TV,2133
2025-10-26,Apple TV,2134
2025-10-27,Apple TV,2143
2025-10-28,Apple TV,2147
2025-10-29,Apple TV,2150
2025-10-30,Apple TV,2152
2025-10-31,Apple TV,2160
2025-11-01,Apple TV,2164
2025-11-02,Apple TV,2166
2025-11-03,Apple TV,2169
2025-11-04,Apple TV,2170
2025-11-05,Apple TV,2173
2025-11-06,Apple TV,2177
2025-11-07,Apple TV,2178
2025-11-08,Apple TV,2180
2025-11-09,Apple TV,2181
2025-11-10,Apple TV,2184
2025-11-11,Apple TV,2186
2025-11-12,Apple TV,2188
2025-11-13,Apple TV,2192
2025-11-14,Apple TV,2194
2025-11-15,Apple TV,2198
2025-11-16,Apple TV,2200
2025-11-17,Apple TV,2203
2025-11-18,Apple TV,2206
2025-11-19,Apple TV,2209
2025-11-20,Apple TV,2219
2025-11-21,Apple TV,2223
2025-11-22,Apple TV,2227
2025-11-23,Apple TV,2234
2025-11-24,Apple TV,2235
2025-11-25,Apple TV,2235
2025-11-26,Apple TV,2238
2025-11-27,Apple TV,2240
2025-11-28,Apple TV,2243
2025-11-29,Apple TV,2248
2025-11-30,Apple TV,2252
2025-12-01,Apple TV,2258
2025-12-02,Apple TV,2262
2025-12-03,Apple TV,2266
2025-12-04,Apple TV,2268
2025-12-05,Apple TV,2269
2025-12-06,Apple TV,2271
2025-12-07,Apple TV,2274
2025-12-08,Apple TV,2277
2025-12-09,Apple TV,2281
2025-12-10,Apple TV,2283
2025-12-11,Apple TV,2283
2025-12-12,Apple TV,2287
2025-12-13,Apple TV,2298
2025-12-14,Apple TV,2305
2025-12-15,Apple TV,2308
2025-12-16,Apple TV,2313
2025-12-17,Apple TV,2316
2025-12-18,Apple TV,2320
2025-12-19,Apple TV,2325
2025-12-20,Apple TV,2328
2025-12-21,Apple TV,2330
2025-12-22,Apple TV,2333
2025-12-23,Apple TV,2334
2025-12-24,Apple TV,2336
2025-12-25,Apple TV,2339
2025-12-26,Apple TV,2347
2025-12-27,Apple TV,2350
2025-12-28,Apple TV,2351
2025-12-29,Apple TV,2357
2025-12-30,Apple TV,2365
2025-12-31,Apple TV,2371
2026-01-01,Apple TV,2374
2026-01-02,Apple TV,2378
2026-01-03,Apple TV,2381
2026-01-04,Apple TV,2387
2024-12-14,LG TV,0
2024-12-15,LG TV,0
2024-12-16,LG TV,0
2024-12-17,LG TV,0
2024-12-18,LG TV,0
2024-12-19,LG TV,0
2024-12-20,LG TV,0
2024-12-21,LG TV,0
2024-12-22,LG TV,0
2024-12-23,LG TV,0
2024-12-24,LG TV,0
2024-12-25,LG TV,0
2024-12-26,LG TV,0
2024-12-27,LG TV,0
2024-12-28,LG TV,0
2024-12-29,LG TV,0
2024-12-30,LG TV,0
2024-12-31,LG TV,0
2025-01-01,LG TV,0
2025-01-02,LG TV,0
2025-01-03,LG TV,0
2025-01-04,LG TV,0
2025-01-05,LG TV,0
2025-01-06,LG TV,0
2025-01-07,LG TV,0
2025-01-08,LG TV,0
2025-01-09,LG TV,0
2025-01-10,LG TV,0
2025-01-11,LG TV,0
2025-01-12,LG TV,0
2025-01-13,LG TV,0
2025-01-14,LG TV,0
2025-01-15,LG TV,0
2025-01-16,LG TV,0
2025-01-17,LG TV,0
2025-01-18,LG TV,0
2025-01-19,LG TV,0
2025-01-20,LG TV,0
2025-01-21,LG TV,0
2025-01-22,LG TV,0
2025-01-23,LG TV,0
2025-01-24,LG TV,0
2025-01-26,LG TV,0
2025-01-27,LG TV,0
2025-01-28,LG TV,0
2025-01-29,LG TV,0
2025-01-30,LG TV,0
2025-01-31,LG TV,0
2025-02-01,LG TV,0
2025-02-03,LG TV,0
2025-02-04,LG TV,0
2025-02-05,LG TV,0
2025-02-06,LG TV,0
2025-02-07,LG TV,0
2025-02-08,LG TV,0
2025-02-09,LG TV,0
2025-02-10,LG TV,0
2025-02-11,LG TV,0
2025-02-12,LG TV,0
2025-02-14,LG TV,0
2025-02-16,LG TV,0
2025-02-17,LG TV,0
2025-02-21,LG TV,0
2025-02-23,LG TV,0
2025-02-24,LG TV,0
2025-02-25,LG TV,0
2025-02-26,LG TV,0
2025-02-27,LG TV,0
2025-02-28,LG TV,0
2025-03-03,LG TV,0
2025-03-04,LG TV,0
2025-03-05,LG TV,0
2025-03-06,LG TV,0
2025-03-07,LG TV,0
2025-03-08,LG TV,0
2025-03-10,LG TV,0
2025-03-11,LG TV,0
2025-03-12,LG TV,0
2025-03-13,LG TV,0
2025-03-14,LG TV,0
2025-03-15,LG TV,0
2025-03-16,LG TV,0
2025-03-17,LG TV,0
2025-03-18,LG TV,0
2025-03-19,LG TV,0
2025-03-20,LG TV,0
2025-03-21,LG TV,0
2025-03-22,LG TV,0
2025-03-23,LG TV,0
2025-03-24,LG TV,0
2025-03-25,LG TV,0
2025-03-26,LG TV,0
2025-03-27,LG TV,0
2025-03-28,LG TV,0
2025-03-29,LG TV,0
2025-03-30,LG TV,0
2025-03-31,LG TV,0
2025-04-01,LG TV,0
2025-04-02,LG TV,0
2025-04-03,LG TV,934
2025-04-04,LG TV,980
2025-04-05,LG TV,1007
2025-04-06,LG TV,1018
2025-04-07,LG TV,1026
2025-04-08,LG TV,1043
2025-04-09,LG TV,1052
2025-04-10,LG TV,1063
2025-04-11,LG TV,1073
2025-04-12,LG TV,1082
2025-04-13,LG TV,1091
2025-04-14,LG TV,1102
2025-04-15,LG TV,1112
2025-04-16,LG TV,1121
2025-04-17,LG TV,1128
2025-04-18,LG TV,1136
2025-04-19,LG TV,1144
2025-04-20,LG TV,1157
2025-04-21,LG TV,1166
2025-04-22,LG TV,1180
2025-04-23,LG TV,1194
2025-04-24,LG TV,1207
2025-04-25,LG TV,1219
2025-04-26,LG TV,1227
2025-04-27,LG TV,1235
2025-04-28,LG TV,1249
2025-04-29,LG TV,1265
2025-04-30,LG TV,1274
2025-05-01,LG TV,1280
2025-05-02,LG TV,1286
2025-05-03,LG TV,1307
2025-05-04,LG TV,1324
2025-05-05,LG TV,1351
2025-05-06,LG TV,1379
2025-05-07,LG TV,1391
2025-05-08,LG TV,1404
2025-05-09,LG TV,1418
2025-05-10,LG TV,1426
2025-05-11,LG TV,1447
2025-05-12,LG TV,1462
2025-05-13,LG TV,1484
2025-05-14,LG TV,1491
2025-05-15,LG TV,1499
2025-05-16,LG TV,1504
2025-05-17,LG TV,1511
2025-05-18,LG TV,1517
2025-05-19,LG TV,1525
2025-05-20,LG TV,1533
2025-05-21,LG TV,1536
2025-05-22,LG TV,1541
2025-05-23,LG TV,1542
2025-05-24,LG TV,1547
2025-05-25,LG TV,1555
2025-05-26,LG TV,1564
2025-05-27,LG TV,1570
2025-05-28,LG TV,1577
2025-05-29,LG TV,1583
2025-05-30,LG TV,1588
2025-05-31,LG TV,1601
2025-06-01,LG TV,1606
2025-06-02,LG TV,1613
2025-06-03,LG TV,1623
2025-06-04,LG TV,1628
2025-06-05,LG TV,1633
2025-06-06,LG TV,1653
2025-06-07,LG TV,1691
2025-06-08,LG TV,1774
2025-06-09,LG TV,1852
2025-06-10,LG TV,1945
2025-06-11,LG TV,2009
2025-06-12,LG TV,2108
2025-06-13,LG TV,2191
2025-06-14,LG TV,2259
2025-06-15,LG TV,2312
2025-06-16,LG TV,2361
2025-06-17,LG TV,2414
2025-06-18,LG TV,2468
2025-06-19,LG TV,2509
2025-06-20,LG TV,2568
2025-06-21,LG TV,2627
2025-06-22,LG TV,2671
2025-06-23,LG TV,2753
2025-06-24,LG TV,2865
2025-06-26,LG TV,2943
2025-06-27,LG TV,2973
2025-06-28,LG TV,3004
2025-06-29,LG TV,3028
2025-06-30,LG TV,3055
2025-07-01,LG TV,3096
2025-07-02,LG TV,3127
2025-07-03,LG TV,3151
2025-07-04,LG TV,3172
2025-07-05,LG TV,3188
2025-07-06,LG TV,3199
2025-07-07,LG TV,3220
2025-07-08,LG TV,3242
2025-07-09,LG TV,3256
2025-07-10,LG TV,3273
2025-07-11,LG TV,3290
2025-07-12,LG TV,3308
2025-07-13,LG TV,3321
2025-07-14,LG TV,3334
2025-07-15,LG TV,3354
2025-07-16,LG TV,3363
2025-07-17,LG TV,3372
2025-07-18,LG TV,3385
2025-07-19,LG TV,3402
2025-07-20,LG TV,3425
2025-07-21,LG TV,3443
2025-07-22,LG TV,3466
2025-07-23,LG TV,3473
2025-07-24,LG TV,3482
2025-07-25,LG TV,3494
2025-07-26,LG TV,3506
2025-07-27,LG TV,3520
2025-07-28,LG TV,3551
2025-07-29,LG TV,3577
2025-07-30,LG TV,3587
2025-07-31,LG TV,3605
2025-08-01,LG TV,3618
2025-08-02,LG TV,3630
2025-08-03,LG TV,3636
2025-08-04,LG TV,3648
2025-08-05,LG TV,3670
2025-08-06,LG TV,3676
2025-08-07,LG TV,3692
2025-08-08,LG TV,3702
2025-08-09,LG TV,3711
2025-08-10,LG TV,3721
2025-08-11,LG TV,3745
2025-08-12,LG TV,3772
2025-08-13,LG TV,3807
2025-08-14,LG TV,3816
2025-08-15,LG TV,3829
2025-08-16,LG TV,3851
2025-08-17,LG TV,3864
2025-08-18,LG TV,3875
2025-08-19,LG TV,3886
2025-08-20,LG TV,3900
2025-08-21,LG TV,3911
2025-08-22,LG TV,3920
2025-08-23,LG TV,3931
2025-08-24,LG TV,3945
2025-08-25,LG TV,3961
2025-08-26,LG TV,3972
2025-08-27,LG TV,3985
2025-08-28,LG TV,3994
2025-08-29,LG TV,4012
2025-08-30,LG TV,4027
2025-08-31,LG TV,4041
2025-09-01,LG TV,4051
2025-09-02,LG TV,4057
2025-09-03,LG TV,4068
2025-09-04,LG TV,4079
2025-09-05,LG TV,4096
2025-09-06,LG TV,4108
2025-09-07,LG TV,4126
2025-09-08,LG TV,4138
2025-09-09,LG TV,4143
2025-09-10,LG TV,4152
2025-09-11,LG TV,4169
2025-09-12,LG TV,4188
2025-09-13,LG TV,4219
2025-09-14,LG TV,4236
2025-09-15,LG TV,4324
2025-09-16,LG TV,4340
2025-09-17,LG TV,4359
2025-09-18,LG TV,4379
2025-09-19,LG TV,4390
2025-09-20,LG TV,4399
2025-09-21,LG TV,4410
2025-09-22,LG TV,4427
2025-09-23,LG TV,4433
2025-09-24,LG TV,4445
2025-09-25,LG TV,4453
2025-09-26,LG TV,4465
2025-09-27,LG TV,4478
2025-09-28,LG TV,4491
2025-09-29,LG TV,4540
2025-09-30,LG TV,4551
2025-10-01,LG TV,4564
2025-10-02,LG TV,4570
2025-10-03,LG TV,4586
2025-10-04,LG TV,4599
2025-10-05,LG TV,4608
2025-10-06,LG TV,4623
2025-10-07,LG TV,4638
2025-10-08,LG TV,4647
2025-10-09,LG TV,4663
2025-10-10,LG TV,4676
2025-10-11,LG TV,4693
2025-10-12,LG TV,4716
2025-10-13,LG TV,4740
2025-10-14,LG TV,4755
2025-10-15,LG TV,4773
2025-10-16,LG TV,4789
2025-10-17,LG TV,4799
2025-10-18,LG TV,4810
2025-10-19,LG TV,4826
2025-10-20,LG TV,4845
2025-10-21,LG TV,4864
2025-10-22,LG TV,4884
2025-10-23,LG TV,4905
2025-10-24,LG TV,4928
2025-10-25,LG TV,4944
2025-10-26,LG TV,4970
2025-10-27,LG TV,4996
2025-10-28,LG TV,5018
2025-10-29,LG TV,5031
2025-10-30,LG TV,5048
2025-10-31,LG TV,5058
2025-11-01,LG TV,5069
2025-11-02,LG TV,5086
2025-11-03,LG TV,5099
2025-11-04,LG TV,5110
2025-11-05,LG TV,5114
2025-11-06,LG TV,5126
2025-11-07,LG TV,5132
2025-11-08,LG TV,5140
2025-11-09,LG TV,5153
2025-11-10,LG TV,5169
2025-11-11,LG TV,5181
2025-11-12,LG TV,5192
2025-11-13,LG TV,5201
2025-11-14,LG TV,5213
2025-11-15,LG TV,5218
2025-11-16,LG TV,5235
2025-11-17,LG TV,5265
2025-11-18,LG TV,5271
2025-11-19,LG TV,5282
2025-11-20,LG TV,5298
2025-11-21,LG TV,5317
2025-11-22,LG TV,5344
2025-11-23,LG TV,5367
2025-11-24,LG TV,5388
2025-11-25,LG TV,5402
2025-11-26,LG TV,5418
2025-11-27,LG TV,5429
2025-11-28,LG TV,5454
2025-11-29,LG TV,5514
2025-11-30,LG TV,5548
2025-12-01,LG TV,5581
2025-12-02,LG TV,5601
2025-12-03,LG TV,5624
2025-12-04,LG TV,5645
2025-12-05,LG TV,5655
2025-12-06,LG TV,5667
2025-12-07,LG TV,5686
2025-12-08,LG TV,5706
2025-12-09,LG TV,5717
2025-12-10,LG TV,5735
2025-12-11,LG TV,5743
2025-12-12,LG TV,5763
2025-12-13,LG TV,5779
2025-12-14,LG TV,5809
2025-12-15,LG TV,5829
2025-12-16,LG TV,5844
2025-12-17,LG TV,5859
2025-12-18,LG TV,5866
2025-12-19,LG TV,6873
2025-12-20,LG TV,6882
2025-12-21,LG TV,6891
2025-12-22,LG TV,6909
2025-12-23,LG TV,6914
2025-12-24,LG TV,6923
2025-12-25,LG TV,6931
2025-12-26,LG TV,6967
2025-12-27,LG TV,6988
2025-12-28,LG TV,7005
2025-12-29,LG TV,7035
2025-12-30,LG TV,7052
2025-12-31,LG TV,7074
2026-01-01,LG TV,7098
2026-01-02,LG TV,7123
2026-01-03,LG TV,7139
2026-01-04,LG TV,7153
2024-12-14,Web,0
2024-12-15,Web,0
2024-12-16,Web,0
2024-12-17,Web,0
2024-12-18,Web,0
2024-12-19,Web,0
2024-12-20,Web,0
2024-12-21,Web,0
2024-12-22,Web,0
2024-12-23,Web,0
2024-12-24,Web,0
2024-12-25,Web,0
2024-12-26,Web,0
2024-12-27,Web,0
2024-12-28,Web,0
2024-12-29,Web,0
2024-12-30,Web,0
2024-12-31,Web,0
2025-01-01,Web,0
2025-01-02,Web,0
2025-01-03,Web,0
2025-01-04,Web,0
2025-01-05,Web,0
2025-01-06,Web,0
2025-01-07,Web,0
2025-01-08,Web,0
2025-01-09,Web,0
2025-01-10,Web,0
2025-01-11,Web,0
2025-01-12,Web,0
2025-01-13,Web,0
2025-01-14,Web,0
2025-01-15,Web,0
2025-01-16,Web,0
2025-01-17,Web,0
2025-01-18,Web,0
2025-01-19,Web,0
2025-01-20,Web,0
2025-01-21,Web,0
2025-01-22,Web,0
2025-01-23,Web,0
2025-01-24,Web,0
2025-01-26,Web,0
2025-01-27,Web,0
2025-01-28,Web,0
2025-01-29,Web,0
2025-01-30,Web,0
2025-01-31,Web,0
2025-02-01,Web,0
2025-02-03,Web,0
2025-02-04,Web,0
2025-02-05,Web,0
2025-02-06,Web,0
2025-02-07,Web,0
2025-02-08,Web,0
2025-02-09,Web,0
2025-02-10,Web,0
2025-02-11,Web,0
2025-02-12,Web,0
2025-02-14,Web,0
2025-02-16,Web,0
2025-02-17,Web,0
2025-02-21,Web,0
2025-02-23,Web,0
2025-02-24,Web,0
2025-02-25,Web,0
2025-02-26,Web,0
2025-02-27,Web,0
2025-02-28,Web,0
2025-03-03,Web,0
2025-03-04,Web,0
2025-03-05,Web,0
2025-03-06,Web,0
2025-03-07,Web,0
2025-03-08,Web,0
2025-03-10,Web,0
2025-03-11,Web,0
2025-03-12,Web,0
2025-03-13,Web,0
2025-03-14,Web,0
2025-03-15,Web,0
2025-03-16,Web,0
2025-03-17,Web,0
2025-03-18,Web,0
2025-03-19,Web,0
2025-03-20,Web,0
2025-03-21,Web,0
2025-03-22,Web,0
2025-03-23,Web,0
2025-03-24,Web,0
2025-03-25,Web,0
2025-03-26,Web,0
2025-03-27,Web,0
2025-03-28,Web,0
2025-03-29,Web,0
2025-03-30,Web,0
2025-03-31,Web,0
2025-04-01,Web,0
2025-04-02,Web,0
2025-04-03,Web,0
2025-04-04,Web,0
2025-04-05,Web,0
2025-04-06,Web,0
2025-04-07,Web,0
2025-04-08,Web,0
2025-04-09,Web,0
2025-04-10,Web,0
2025-04-11,Web,0
2025-04-12,Web,0
2025-04-13,Web,0
2025-04-14,Web,0
2025-04-15,Web,0
2025-04-16,Web,0
2025-04-17,Web,0
2025-04-18,Web,0
2025-04-19,Web,0
2025-04-20,Web,0
2025-04-21,Web,0
2025-04-22,Web,0
2025-04-23,Web,0
2025-04-24,Web,0
2025-04-25,Web,0
2025-04-26,Web,0
2025-04-27,Web,0
2025-04-28,Web,0
2025-04-29,Web,0
2025-04-30,Web,0
2025-05-01,Web,0
2025-05-02,Web,0
2025-05-03,Web,0
2025-05-04,Web,0
2025-05-05,Web,0
2025-05-06,Web,0
2025-05-07,Web,0
2025-05-08,Web,0
2025-05-09,Web,0
2025-05-10,Web,0
2025-05-11,Web,0
2025-05-12,Web,0
2025-05-13,Web,0
2025-05-14,Web,0
2025-05-15,Web,0
2025-05-16,Web,0
2025-05-17,Web,0
2025-05-18,Web,0
2025-05-19,Web,0
2025-05-20,Web,0
2025-05-21,Web,0
2025-05-22,Web,0
2025-05-23,Web,0
2025-05-24,Web,0
2025-05-25,Web,0
2025-05-26,Web,0
2025-05-27,Web,0
2025-05-28,Web,0
2025-05-29,Web,0
2025-05-30,Web,0
2025-05-31,Web,0
2025-06-01,Web,0
2025-06-02,Web,0
2025-06-03,Web,0
2025-06-04,Web,0
2025-06-05,Web,0
2025-06-06,Web,0
2025-06-07,Web,0
2025-06-08,Web,0
2025-06-09,Web,0
2025-06-10,Web,0
2025-06-11,Web,0
2025-06-12,Web,0
2025-06-13,Web,0
2025-06-14,Web,0
2025-06-15,Web,0
2025-06-16,Web,0
2025-06-17,Web,0
2025-06-18,Web,0
2025-06-19,Web,0
2025-06-20,Web,0
2025-06-21,Web,0
2025-06-22,Web,0
2025-06-23,Web,0
2025-06-24,Web,0
2025-06-26,Web,0
2025-06-27,Web,0
2025-06-28,Web,0
2025-06-29,Web,0
2025-06-30,Web,0
2025-07-01,Web,0
2025-07-02,Web,0
2025-07-03,Web,0
2025-07-04,Web,0
2025-07-05,Web,0
2025-07-06,Web,0
2025-07-07,Web,0
2025-07-08,Web,0
2025-07-09,Web,0
2025-07-10,Web,0
2025-07-11,Web,0
2025-07-12,Web,0
2025-07-13,Web,0
2025-07-14,Web,0
2025-07-15,Web,0
2025-07-16,Web,0
2025-07-17,Web,0
2025-07-18,Web,0
2025-07-19,Web,0
2025-07-20,Web,0
2025-07-21,Web,0
2025-07-22,Web,0
2025-07-23,Web,0
2025-07-24,Web,0
2025-07-25,Web,0
2025-07-26,Web,0
2025-07-27,Web,0
2025-07-28,Web,0
2025-07-29,Web,0
2025-07-30,Web,0
2025-07-31,Web,0
2025-08-01,Web,0
2025-08-02,Web,0
2025-08-03,Web,0
2025-08-04,Web,0
2025-08-05,Web,0
2025-08-06,Web,0
2025-08-07,Web,0
2025-08-08,Web,0
2025-08-09,Web,0
2025-08-10,Web,0
2025-08-11,Web,0
2025-08-12,Web,0
2025-08-13,Web,0
2025-08-14,Web,0
2025-08-15,Web,0
2025-08-16,Web,0
2025-08-17,Web,0
2025-08-18,Web,0
2025-08-19,Web,0
2025-08-20,Web,0
2025-08-21,Web,0
2025-08-22,Web,0
2025-08-23,Web,0
2025-08-24,Web,0
2025-08-25,Web,0
2025-08-26,Web,0
2025-08-27,Web,0
2025-08-28,Web,0
2025-08-29,Web,0
2025-08-30,Web,0
2025-08-31,Web,0
2025-09-01,Web,0
2025-09-02,Web,0
2025-09-03,Web,0
2025-09-04,Web,0
2025-09-05,Web,0
2025-09-06,Web,0
2025-09-07,Web,0
2025-09-08,Web,0
2025-09-09,Web,0
2025-09-10,Web,0
2025-09-11,Web,0
2025-09-12,Web,0
2025-09-13,Web,0
2025-09-14,Web,0
2025-09-15,Web,0
2025-09-16,Web,0
2025-09-17,Web,0
2025-09-18,Web,0
2025-09-19,Web,0
2025-09-20,Web,0
2025-09-21,Web,0
2025-09-22,Web,0
2025-09-23,Web,0
2025-09-24,Web,0
2025-09-25,Web,0
2025-09-26,Web,0
2025-09-27,Web,0
2025-09-28,Web,0
2025-09-29,Web,0
2025-09-30,Web,0
2025-10-01,Web,0
2025-10-02,Web,0
2025-10-03,Web,0
2025-10-04,Web,0
2025-10-05,Web,0
2025-10-06,Web,0
2025-10-07,Web,0
2025-10-08,Web,0
2025-10-09,Web,0
2025-10-10,Web,0
2025-10-11,Web,0
2025-10-12,Web,0
2025-10-13,Web,0
2025-10-14,Web,0
2025-10-15,Web,0
2025-10-16,Web,0
2025-10-17,Web,0
2025-10-18,Web,0
2025-10-19,Web,0
2025-10-20,Web,0
2025-10-21,Web,0
2025-10-22,Web,0
2025-10-23,Web,0
2025-10-24,Web,0
2025-10-25,Web,0
2025-10-26,Web,0
2025-10-27,Web,0
2025-10-28,Web,0
2025-10-29,Web,0
2025-10-30,Web,0
2025-10-31,Web,0
2025-11-01,Web,0
2025-11-02,Web,0
2025-11-03,Web,0
2025-11-04,Web,0
2025-11-05,Web,0
2025-11-06,Web,0
2025-11-07,Web,0
2025-11-08,Web,0
2025-11-09,Web,0
2025-11-10,Web,0
2025-11-11,Web,0
2025-11-12,Web,0
2025-11-13,Web,0
2025-11-14,Web,0
2025-11-15,Web,0
2025-11-16,Web,0
2025-11-17,Web,0
2025-11-18,Web,0
2025-11-19,Web,0
2025-11-20,Web,0
2025-11-21,Web,0
2025-11-22,Web,0
2025-11-23,Web,0
2025-11-24,Web,0
2025-11-25,Web,0
2025-11-26,Web,0
2025-11-27,Web,0
2025-11-28,Web,0
2025-11-29,Web,0
2025-11-30,Web,0
2025-12-01,Web,0
2025-12-02,Web,0
2025-12-03,Web,0
2025-12-04,Web,0
2025-12-05,Web,0
2025-12-06,Web,0
2025-12-07,Web,0
2025-12-08,Web,0
2025-12-09,Web,0
2025-12-10,Web,0
2025-12-11,Web,0
2025-12-12,Web,0
2025-12-13,Web,0
2025-12-14,Web,0
2025-12-15,Web,0
2025-12-16,Web,0
2025-12-17,Web,0
2025-12-18,Web,0
2025-12-19,Web,0
2025-12-20,Web,0
2025-12-21,Web,0
2025-12-22,Web,0
2025-12-23,Web,0
2025-12-24,Web,0
2025-12-25,Web,0
2025-12-26,Web,0
2025-12-27,Web,0
2025-12-28,Web,0
2025-12-29,Web,0
2025-12-30,Web,0
2025-12-31,Web,0
2026-01-01,Web,0
2026-01-02,Web,0
2026-01-03,Web,0
2026-01-04,Web,0
